{"name":"6d799a50-f5bd-42c6-9b2c-c8e8ceea0276","id":"/providers/Microsoft.Flow/flows/6d799a50-f5bd-42c6-9b2c-c8e8ceea0276","type":"Microsoft.Flow/flows","properties":{"apiId":"/providers/Microsoft.PowerApps/apis/shared_logicflows","displayName":"Quality Engineering Daily Overdue Flow","definition":{"metadata":{"creator":{"id":"df0aa9b0-2759-4298-8e95-1dc6acb1a153","type":"User","tenantId":"759a1585-2165-4784-9a4c-59cf56dc8a75"},"provisioningMethod":"FromDefinition","failureAlertSubscription":true,"clientLastModifiedTime":"2018-08-29T18:15:41.0071271Z"},"$schema":"https://schema.management.azure.com/providers/Microsoft.Logic/schemas/2016-06-01/workflowdefinition.json#","contentVersion":"1.0.0.0","parameters":{"$connections":{"defaultValue":{},"type":"Object"},"$authentication":{"defaultValue":{},"type":"SecureObject"}},"triggers":{"Recurrence":{"recurrence":{"frequency":"Day","interval":1,"timeZone":"Eastern Standard Time","startTime":"2018-04-01T15:00","schedule":{"hours":[6]}},"type":"Recurrence"}},"actions":{"Get_items":{"runAfter":{"Initialize_variable_7":["Succeeded"]},"metadata":{"flowSystemMetadata":{"swaggerOperationId":"GetItems"}},"type":"ApiConnection","inputs":{"host":{"api":{"runtimeUrl":"https://flow-apim-msmanaged-na-centralus-01.azure-apim.net/apim/sharepointonline"},"connection":{"name":"@parameters('$connections')['shared_sharepointonline']['connectionId']"}},"method":"get","path":"/datasets/@{encodeURIComponent(encodeURIComponent('https://precastcorp.sharepoint.com/sites/wyman/houston/qa/srqw/data/'))}/tables/@{encodeURIComponent(encodeURIComponent('93dee160-8be5-4ab1-8fe0-192ce05d5f90'))}/items","queries":{"$filter":"Revision_x0020_Status eq 'In Revision'"},"authentication":"@parameters('$authentication')"}},"Apply_to_each":{"foreach":"@body('Get_items')?['value']","actions":{"Condition":{"actions":{"Get_items_2":{"runAfter":{},"metadata":{"flowSystemMetadata":{"swaggerOperationId":"GetItems"}},"type":"ApiConnection","inputs":{"host":{"api":{"runtimeUrl":"https://flow-apim-msmanaged-na-centralus-01.azure-apim.net/apim/sharepointonline"},"connection":{"name":"@parameters('$connections')['shared_sharepointonline']['connectionId']"}},"method":"get","path":"/datasets/@{encodeURIComponent(encodeURIComponent('https://precastcorp.sharepoint.com/sites/wyman/houston/qa/srqw/data/'))}/tables/@{encodeURIComponent(encodeURIComponent('1cf64664-8fdd-4190-b884-00a04249df84'))}/items","queries":{"$filter":"Task_x0020_Status eq 'Pending' and Revision_x0020_Id eq '@{items('Apply_to_each')?['Revision_x0020_Id']}'"},"authentication":"@parameters('$authentication')"}},"Apply_to_each_2":{"foreach":"@body('Get_items_2')?['value']","actions":{"Append_to_string_variable":{"runAfter":{},"type":"AppendToStringVariable","inputs":{"name":"Approvers","value":"@{items('Apply_to_each_2')?['AssignTo']}  <BR>"}}},"runAfter":{"Set_variable_5":["Succeeded"]},"type":"Foreach"},"Get_file_properties_3":{"runAfter":{"Apply_to_each_2":["Succeeded"]},"metadata":{"flowSystemMetadata":{"swaggerOperationId":"GetFileItem"}},"type":"ApiConnection","inputs":{"host":{"api":{"runtimeUrl":"https://flow-apim-msmanaged-na-centralus-01.azure-apim.net/apim/sharepointonline"},"connection":{"name":"@parameters('$connections')['shared_sharepointonline']['connectionId']"}},"method":"get","path":"/datasets/@{encodeURIComponent(encodeURIComponent('https://precastcorp.sharepoint.com/sites/wyman/houston/qa/srqw/data/'))}/tables/@{encodeURIComponent(encodeURIComponent('47d93881-2967-4e12-93fc-8b1d857511cd'))}/items/@{encodeURIComponent(int(variables('RevisionId')))}/getfileitem","authentication":"@parameters('$authentication')"}},"Send_an_email":{"runAfter":{"Get_file_properties_3":["Succeeded"]},"metadata":{"flowSystemMetadata":{"swaggerOperationId":"SendEmail"}},"type":"ApiConnection","inputs":{"host":{"api":{"runtimeUrl":"https://flow-apim-msmanaged-na-eastus2-01.azure-apim.net/apim/office365"},"connection":{"name":"@parameters('$connections')['shared_office365']['connectionId']"}},"method":"post","body":{"To":"@{body('Get_file_properties_3')?['Author']?['Email']};","Subject":"The following Specification @{items('Apply_to_each')?['Specification']} - @{items('Apply_to_each')?['Issue']} is 30 days past due","Body":"<H4>\nSpec: @{items('Apply_to_each')?['Specification']}<BR>\nRev.: @{items('Apply_to_each')?['Issue']}  <BR><BR>\nThe review of referenced specification is 30 days past due. The following persons still have not completed the review:  <BR> <BR>\n\n@{variables('Approvers')}\n\n</H4>","Importance":"High","IsHtml":true},"path":"/Mail","authentication":"@parameters('$authentication')"}},"Set_variable_5":{"runAfter":{"Get_items_2":["Succeeded"]},"type":"SetVariable","inputs":{"name":"Approvers","value":"@variables('NullValue')"}}},"runAfter":{"Set_variable_6":["Succeeded"]},"else":{"actions":{"Condition_2":{"actions":{"Get_file_properties":{"runAfter":{"Get_items_3":["Succeeded"]},"metadata":{"flowSystemMetadata":{"swaggerOperationId":"GetFileItem"}},"type":"ApiConnection","inputs":{"host":{"api":{"runtimeUrl":"https://flow-apim-msmanaged-na-centralus-01.azure-apim.net/apim/sharepointonline"},"connection":{"name":"@parameters('$connections')['shared_sharepointonline']['connectionId']"}},"method":"get","path":"/datasets/@{encodeURIComponent(encodeURIComponent('https://precastcorp.sharepoint.com/sites/wyman/houston/qa/srqw/data/'))}/tables/@{encodeURIComponent(encodeURIComponent('47d93881-2967-4e12-93fc-8b1d857511cd'))}/items/@{encodeURIComponent(int(variables('RevisionId')))}/getfileitem","authentication":"@parameters('$authentication')"}},"Get_items_3":{"runAfter":{},"metadata":{"flowSystemMetadata":{"swaggerOperationId":"GetItems"}},"type":"ApiConnection","inputs":{"host":{"api":{"runtimeUrl":"https://flow-apim-msmanaged-na-centralus-01.azure-apim.net/apim/sharepointonline"},"connection":{"name":"@parameters('$connections')['shared_sharepointonline']['connectionId']"}},"method":"get","path":"/datasets/@{encodeURIComponent(encodeURIComponent('https://precastcorp.sharepoint.com/sites/wyman/houston/qa/srqw/data/'))}/tables/@{encodeURIComponent(encodeURIComponent('1cf64664-8fdd-4190-b884-00a04249df84'))}/items","queries":{"$filter":"Task_x0020_Status eq 'Pending' and Revision_x0020_Id eq '@{items('Apply_to_each')?['Revision_x0020_Id']}'"},"authentication":"@parameters('$authentication')"}},"Apply_to_each_3":{"foreach":"@body('Get_items_3')?['value']","actions":{"Send_an_email_2":{"runAfter":{},"metadata":{"flowSystemMetadata":{"swaggerOperationId":"SendEmail"}},"type":"ApiConnection","inputs":{"host":{"api":{"runtimeUrl":"https://flow-apim-msmanaged-na-eastus2-01.azure-apim.net/apim/office365"},"connection":{"name":"@parameters('$connections')['shared_office365']['connectionId']"}},"method":"post","body":{"To":"@{items('Apply_to_each_3')?['AssignToEmail']};","Subject":"The following Specification @{items('Apply_to_each')?['Specification']} - @{items('Apply_to_each')?['Issue']} is 20 days past due","Body":"<H4>\nSpec: @{items('Apply_to_each')?['Specification']}<BR> \nRev.: @{items('Apply_to_each')?['Issue']} <BR><BR>\nReminder, the review for the referenced specification is 20 days past due. If the review of the referenced specification is not completed within 20 days production may be affected. Please complete this review immediately. Use the <A HREF=\"@{body('Get_file_properties')?['{Link}']}\">link</A> to view the specification and accept/reject click <A HREF=\"@{variables('WebURL')}/SitePages/approval.aspx?TaskId=@{items('Apply_to_each_3')?['ID']}&RevisionId=@{items('Apply_to_each')?['Revision_x0020_Id']}\">here</A>.</H4>\n","Importance":"High","IsHtml":true},"path":"/Mail","authentication":"@parameters('$authentication')"}}},"runAfter":{"Get_file_properties":["Succeeded"]},"type":"Foreach"},"Apply_to_each_8":{"foreach":"@split(variables('ExternalUser'), ';')","actions":{"Get_items_7":{"runAfter":{},"metadata":{"flowSystemMetadata":{"swaggerOperationId":"GetItems"}},"type":"ApiConnection","inputs":{"host":{"api":{"runtimeUrl":"https://flow-apim-msmanaged-na-centralus-01.azure-apim.net/apim/sharepointonline"},"connection":{"name":"@parameters('$connections')['shared_sharepointonline']['connectionId']"}},"method":"get","path":"/datasets/@{encodeURIComponent(encodeURIComponent('https://precastcorp.sharepoint.com/sites/wyman/houston/qa/srqw/data/'))}/tables/@{encodeURIComponent(encodeURIComponent('9eb29b15-b712-4b50-a8d8-b9d25b764f58'))}/items","queries":{"$filter":"ExternalEmail eq '@{items('Apply_to_each_8')}'"},"authentication":"@parameters('$authentication')"}},"Apply_to_each_9":{"foreach":"@body('Get_items_7')?['value']","actions":{"Set_variable_9":{"runAfter":{},"type":"SetVariable","inputs":{"name":"ExternalUser","value":"@items('Apply_to_each_9')?['Account']?['DisplayName']"}}},"runAfter":{"Get_items_7":["Succeeded"]},"type":"Foreach"},"Get_items_8":{"runAfter":{"Apply_to_each_9":["Succeeded"]},"metadata":{"flowSystemMetadata":{"swaggerOperationId":"GetItems"}},"type":"ApiConnection","inputs":{"host":{"api":{"runtimeUrl":"https://flow-apim-msmanaged-na-centralus-01.azure-apim.net/apim/sharepointonline"},"connection":{"name":"@parameters('$connections')['shared_sharepointonline']['connectionId']"}},"method":"get","path":"/datasets/@{encodeURIComponent(encodeURIComponent('https://precastcorp.sharepoint.com/sites/wyman/houston/qa/srqw/data/'))}/tables/@{encodeURIComponent(encodeURIComponent('1cf64664-8fdd-4190-b884-00a04249df84'))}/items","queries":{"$filter":"Revision_x0020_Id eq @{variables('RevisionId')} and AssignTo eq '@{variables('ExternalUser')}'"},"authentication":"@parameters('$authentication')"}},"Apply_to_each_10":{"foreach":"@body('Get_items_8')?['value']","actions":{"Set_variable_10":{"runAfter":{},"type":"SetVariable","inputs":{"name":"TaskId","value":"@items('Apply_to_each_10')?['ID']"}}},"runAfter":{"Get_items_8":["Succeeded"]},"type":"Foreach"},"Send_an_email_5":{"runAfter":{"Apply_to_each_10":["Succeeded"]},"metadata":{"flowSystemMetadata":{"swaggerOperationId":"SendEmail"}},"type":"ApiConnection","inputs":{"host":{"api":{"runtimeUrl":"https://flow-apim-msmanaged-na-eastus2-01.azure-apim.net/apim/office365"},"connection":{"name":"@parameters('$connections')['shared_office365']['connectionId']"}},"method":"post","body":{"To":"@{items('Apply_to_each_8')};","Subject":"The following Specification @{items('Apply_to_each')?['Specification']} - @{items('Apply_to_each')?['Issue']} is 20 days past due","Body":"<H4>\nSpec: @{items('Apply_to_each')?['Specification']}<BR> \nRev.: @{items('Apply_to_each')?['Issue']} <BR><BR>\nReminder, the review for the referenced specification is 20 days past due. If the review of the referenced specification is not completed within 20 days production may be affected. Please complete this review immediately. Use the <A HREF=\"@{body('Get_file_properties')?['{Link}']}\">link</A> to view the specification and accept/reject click <A HREF=\"@{variables('WebURL')}/SitePages/approval.aspx?TaskId=@{variables('TaskId')}&RevisionId=@{variables('RevisionId')}\">here</A>.</H4>\n","Importance":"High","IsHtml":true},"path":"/Mail","authentication":"@parameters('$authentication')"}}},"runAfter":{"Apply_to_each_3":["Succeeded"]},"type":"Foreach"}},"runAfter":{"Set_variable_3":["Succeeded"]},"else":{"actions":{"Condition_3":{"actions":{"Get_file_properties_2":{"runAfter":{"Get_items_4":["Succeeded"]},"metadata":{"flowSystemMetadata":{"swaggerOperationId":"GetFileItem"}},"type":"ApiConnection","inputs":{"host":{"api":{"runtimeUrl":"https://flow-apim-msmanaged-na-centralus-01.azure-apim.net/apim/sharepointonline"},"connection":{"name":"@parameters('$connections')['shared_sharepointonline']['connectionId']"}},"method":"get","path":"/datasets/@{encodeURIComponent(encodeURIComponent('https://precastcorp.sharepoint.com/sites/wyman/houston/qa/srqw/data/'))}/tables/@{encodeURIComponent(encodeURIComponent('47d93881-2967-4e12-93fc-8b1d857511cd'))}/items/@{encodeURIComponent(int(variables('RevisionId')))}/getfileitem","authentication":"@parameters('$authentication')"}},"Get_items_4":{"runAfter":{},"metadata":{"flowSystemMetadata":{"swaggerOperationId":"GetItems"}},"type":"ApiConnection","inputs":{"host":{"api":{"runtimeUrl":"https://flow-apim-msmanaged-na-centralus-01.azure-apim.net/apim/sharepointonline"},"connection":{"name":"@parameters('$connections')['shared_sharepointonline']['connectionId']"}},"method":"get","path":"/datasets/@{encodeURIComponent(encodeURIComponent('https://precastcorp.sharepoint.com/sites/wyman/houston/qa/srqw/data/'))}/tables/@{encodeURIComponent(encodeURIComponent('1cf64664-8fdd-4190-b884-00a04249df84'))}/items","queries":{"$filter":"Task_x0020_Status eq 'Pending' and Revision_x0020_Id eq '@{items('Apply_to_each')?['Revision_x0020_Id']}'"},"authentication":"@parameters('$authentication')"}},"Apply_to_each_4":{"foreach":"@body('Get_items_4')?['value']","actions":{"Send_an_email_3":{"runAfter":{},"metadata":{"flowSystemMetadata":{"swaggerOperationId":"SendEmail"}},"type":"ApiConnection","inputs":{"host":{"api":{"runtimeUrl":"https://flow-apim-msmanaged-na-eastus2-01.azure-apim.net/apim/office365"},"connection":{"name":"@parameters('$connections')['shared_office365']['connectionId']"}},"method":"post","body":{"To":"@{items('Apply_to_each_4')?['AssignToEmail']};","Subject":"The following Specification @{items('Apply_to_each')?['Specification']} - @{items('Apply_to_each')?['Issue']} is 10 days past due","Body":"<H4>\nSpec: @{items('Apply_to_each')?['Specification']}<BR>\nRev.: @{items('Apply_to_each')?['Issue']}<BR><BR>\n\nReminder, the review for the referenced specification is past the required 10 day review period. Please complete this review as soon as possible. Use the <A HREF=\"@{body('Get_file_properties_2')?['{Link}']}\">link</A> to view the specification and accept/reject click <A HREF=\"@{variables('WebURL')}/SitePages/approval.aspx?TaskId=@{items('Apply_to_each_4')?['ID']}&RevisionId=@{items('Apply_to_each')?['Revision_x0020_Id']}\">here</A>.</H4>","Importance":"High","IsHtml":true},"path":"/Mail","authentication":"@parameters('$authentication')"}}},"runAfter":{"Get_file_properties_2":["Succeeded"]},"type":"Foreach"},"Apply_to_each_5":{"foreach":"@split(variables('ExternalUser'), ';')","actions":{"Send_an_email_4":{"runAfter":{"Apply_to_each_6":["Succeeded"]},"metadata":{"flowSystemMetadata":{"swaggerOperationId":"SendEmail"}},"type":"ApiConnection","inputs":{"host":{"api":{"runtimeUrl":"https://flow-apim-msmanaged-na-eastus2-01.azure-apim.net/apim/office365"},"connection":{"name":"@parameters('$connections')['shared_office365']['connectionId']"}},"method":"post","body":{"To":"@{items('Apply_to_each_5')};","Subject":"The following Specification @{items('Apply_to_each')?['Specification']} - @{items('Apply_to_each')?['Issue']} is 10 days past due","Body":"<H4>\nSpec: @{items('Apply_to_each')?['Specification']}<BR>\nRev.: @{items('Apply_to_each')?['Issue']} <BR><BR>\n\nReminder, the review for the referenced specification is past the required 10 day review period. Use the <A HREF=\"@{body('Get_file_properties_2')?['{Link}']}\">link</A> to view the specification and accept/reject click <A HREF=\"@{variables('WebURL')}/SitePages/approval.aspx?TaskId=@{variables('TaskId')}&RevisionId=@{variables('RevisionId')}\">here</A>.</H4>","Importance":"High","IsHtml":true},"path":"/Mail","authentication":"@parameters('$authentication')"}},"Get_items_5":{"runAfter":{"Apply_to_each_7":["Succeeded"]},"metadata":{"flowSystemMetadata":{"swaggerOperationId":"GetItems"}},"type":"ApiConnection","inputs":{"host":{"api":{"runtimeUrl":"https://flow-apim-msmanaged-na-centralus-01.azure-apim.net/apim/sharepointonline"},"connection":{"name":"@parameters('$connections')['shared_sharepointonline']['connectionId']"}},"method":"get","path":"/datasets/@{encodeURIComponent(encodeURIComponent('https://precastcorp.sharepoint.com/sites/wyman/houston/qa/srqw/data/'))}/tables/@{encodeURIComponent(encodeURIComponent('1cf64664-8fdd-4190-b884-00a04249df84'))}/items","queries":{"$filter":"Revision_x0020_Id eq @{variables('RevisionId')}  and AssignTo eq '@{variables('ExternalUser')}'"},"authentication":"@parameters('$authentication')"}},"Apply_to_each_6":{"foreach":"@body('Get_items_5')?['value']","actions":{"Set_variable_7":{"runAfter":{},"type":"SetVariable","inputs":{"name":"TaskId","value":"@items('Apply_to_each_6')?['ID']"}}},"runAfter":{"Get_items_5":["Succeeded"]},"type":"Foreach"},"Get_items_6":{"runAfter":{},"metadata":{"flowSystemMetadata":{"swaggerOperationId":"GetItems"}},"type":"ApiConnection","inputs":{"host":{"api":{"runtimeUrl":"https://flow-apim-msmanaged-na-centralus-01.azure-apim.net/apim/sharepointonline"},"connection":{"name":"@parameters('$connections')['shared_sharepointonline']['connectionId']"}},"method":"get","path":"/datasets/@{encodeURIComponent(encodeURIComponent('https://precastcorp.sharepoint.com/sites/wyman/houston/qa/srqw/data/'))}/tables/@{encodeURIComponent(encodeURIComponent('9eb29b15-b712-4b50-a8d8-b9d25b764f58'))}/items","queries":{"$filter":"ExternalEmail eq '@{items('Apply_to_each_5')}'"},"authentication":"@parameters('$authentication')"}},"Apply_to_each_7":{"foreach":"@body('Get_items_6')?['value']","actions":{"Set_variable_8":{"runAfter":{},"type":"SetVariable","inputs":{"name":"ExternalUser","value":"@items('Apply_to_each_7')?['Account']?['DisplayName']"}}},"runAfter":{"Get_items_6":["Succeeded"]},"type":"Foreach"}},"runAfter":{"Apply_to_each_4":["Succeeded"]},"type":"Foreach"}},"runAfter":{"Set_variable_4":["Succeeded"]},"expression":"@greaterOrEquals(formatDateTime(variables('Debug'), 'dd/MM/yyyy'), formatDateTime(items('Apply_to_each')?['Created'], 'dd/MM/yyyy'))","type":"If"},"Set_variable_4":{"runAfter":{},"type":"SetVariable","inputs":{"name":"Debug","value":"@{adddays(utcNow(), -10)}"}}}},"expression":"@greaterOrEquals(formatDateTime(variables('Debug'), 'dd/MM/yyyy'), formatDateTime(items('Apply_to_each')?['Created'], 'dd/MM/yyyy'))","type":"If"},"Set_variable_3":{"runAfter":{},"type":"SetVariable","inputs":{"name":"Debug","value":"@{adddays(utcNow(), -20)}"}}}},"expression":"@greaterOrEquals(formatDateTime(variables('Debug'), 'dd/MM/yyyy'), formatDateTime(items('Apply_to_each')?['Created'], 'dd/MM/yyyy'))","type":"If"},"Set_variable":{"runAfter":{},"type":"SetVariable","inputs":{"name":"RevisionId","value":"@{items('Apply_to_each')?['Revision_x0020_Id']}"}},"Set_variable_2":{"runAfter":{"Set_variable":["Succeeded"]},"type":"SetVariable","inputs":{"name":"Debug","value":"@{adddays(utcNow(), -30)}"}},"Set_variable_6":{"runAfter":{"Set_variable_2":["Succeeded"]},"type":"SetVariable","inputs":{"name":"ExternalUser","value":"@items('Apply_to_each')?['ExtApprovers']"}}},"runAfter":{"Get_items":["Succeeded"]},"type":"Foreach"},"Initialize_variable":{"runAfter":{},"type":"InitializeVariable","inputs":{"variables":[{"name":"WebURL","type":"String","value":"https://precastcorp.sharepoint.com/sites/wyman/houston/qa/srqw"}]}},"Initialize_variable_2":{"runAfter":{"Initialize_variable_3":["Succeeded"]},"type":"InitializeVariable","inputs":{"variables":[{"name":"Approvers","type":"String"}]}},"Initialize_variable_3":{"runAfter":{"Initialize_variable":["Succeeded"]},"type":"InitializeVariable","inputs":{"variables":[{"name":"RevisionId","type":"String"}]}},"Initialize_variable_4":{"runAfter":{"Initialize_variable_2":["Succeeded"]},"type":"InitializeVariable","inputs":{"variables":[{"name":"Debug","type":"String"}]}},"Initialize_variable_5":{"runAfter":{"Initialize_variable_4":["Succeeded"]},"type":"InitializeVariable","inputs":{"variables":[{"name":"NullValue","type":"String"}]}},"Initialize_variable_6":{"runAfter":{"Initialize_variable_5":["Succeeded"]},"type":"InitializeVariable","inputs":{"variables":[{"name":"ExternalUser","type":"String"}]}},"Initialize_variable_7":{"runAfter":{"Initialize_variable_6":["Succeeded"]},"type":"InitializeVariable","inputs":{"variables":[{"name":"TaskId","type":"Integer"}]}}},"outputs":{}},"connectionReferences":{"shared_sharepointonline":{"connectionName":"shared-sharepointonl-0918f1c0-bb60-4950-8ead-c72e173eb0f9","source":"Embedded","id":"/providers/Microsoft.PowerApps/apis/shared_sharepointonline","tier":"NotSpecified"},"shared_office365":{"connectionName":"shared-office365-ad558238-353b-4ae8-8bc2-32a83e1d17b7","source":"Embedded","id":"/providers/Microsoft.PowerApps/apis/shared_office365","tier":"NotSpecified"}},"flowFailureAlertSubscribed":false}}