{"schemaVersion":"1.0","appDefinitionTemplate":{"id":"/providers/Microsoft.PowerApps/apps/","type":"Microsoft.PowerApps/apps","tags":{"primaryDeviceWidth":"640","primaryDeviceHeight":"1136","sienaVersion":"20200501T215235Z-3.20023.8.0","deviceCapabilities":"","supportsPortrait":"true","supportsLandscape":"false","primaryFormFactor":"Phone","publisherVersion":"3.20023.8","minimumRequiredApiVersion":"2.2.0","hasComponent":"false","hasUnlockedComponent":"false"},"properties":{"appVersion":"2020-05-01T21:52:35Z","lifeCycleId":"Published","createdByClientVersion":{"major":3,"minor":20023,"build":8,"revision":0,"majorRevision":0,"minorRevision":0},"minClientVersion":{"major":3,"minor":20023,"build":8,"revision":0,"majorRevision":0,"minorRevision":0},"backgroundColor":"rgba(0, 176, 240, 1)","backgroundImageUri":"/4382627477847518878/Ncd76b412-29fa-4c9e-b65b-913003e85a3c-logoSmallFile","displayName":"PWE App V4","description":"","commitMessage":"","appUris":{"documentUri":{"value":"/4382627477847518878/Na7648f60-6af1-41ce-9a70-85c3ed7d317b-document.msapp","readonlyValue":"/4382627477847518878/Na7648f60-6af1-41ce-9a70-85c3ed7d317b-document.msapp"},"imageUris":[]},"createdTime":"0001-01-01T00:00:00Z","lastModifiedTime":"0001-01-01T00:00:00Z","sharedGroupsCount":0,"sharedUsersCount":0,"icons":{"smallIconUri":"/4382627477847518878/N55e38865-561f-4cfd-8622-5181151ea255-small.png","mediumIconUri":"/4382627477847518878/Na5d2741d-1a85-4f72-b984-b6c68c1fed46-medium.png","largeIconUri":"/4382627477847518878/N65faa8f2-1e28-4c60-9ab2-963b30a5c451-large.png","wideIconUri":"/4382627477847518878/Ndd8aadef-1be2-4fdf-b5f6-a94105ecacb5-wide.png"},"connectionReferences":{"5f653102-080c-4838-9981-cb58d1f6a440":{"id":"da99224c-90fe-4433-a8c8-7f659423adac","displayName":"Logic flows","iconUri":"https://resourcestackdeploy.blob.core.windows.net/scripts/13276078.png","dataSources":["PWENewItemWorkflowV2"],"dependencies":["9b68d2a8-5193-4092-9cc1-98cef245d58d"],"dependents":[],"parameterHints":{"workflowName":{"value":"a934f0a6-08e6-4438-9f1b-1d82e48061aa"},"9b68d2a8-5193-4092-9cc1-98cef245d58d":{"value":"shared_sharepointonline"}},"isOnPremiseConnection":false,"bypassConsent":false,"dataSets":{},"apiTier":"Standard","isCustomApiConnection":false},"9b68d2a8-5193-4092-9cc1-98cef245d58d":{"id":"339bba1a-f39b-4655-92ce-59b1957a5ef8","displayName":"SharePoint","iconUri":"https://connectoricons-prod.azureedge.net/sharepointonline/icon_1.0.1329.1953.png","dataSources":[],"dependencies":[],"dependents":["5f653102-080c-4838-9981-cb58d1f6a440"],"parameterHints":{},"isOnPremiseConnection":false,"bypassConsent":false,"dataSets":{},"apiTier":"Standard","isCustomApiConnection":false},"62e4cfab-94a0-4422-b87a-2d7f6fe1cb85":{"id":"339bba1a-f39b-4655-92ce-59b1957a5ef8","displayName":"SharePoint","iconUri":"https://connectoricons-prod.azureedge.net/sharepointonline/icon_1.0.1329.1953.png","dataSources":["PWEList"],"dependencies":[],"dependents":[],"parameterHints":{},"isOnPremiseConnection":false,"bypassConsent":false,"dataSets":{"https://bjsmartsusa.sharepoint.com/sites/Powerapps":{"dataSources":{"PWEList":{"tableName":"51050d6c-95be-4170-b878-3c5930ccc767"}}}},"apiTier":"Standard","isCustomApiConnection":false}},"databaseReferences":{},"almMode":"Environment","performanceOptimizationEnabled":false,"canConsumeAppPass":true},"isAppComponentLibrary":false,"appType":"ClassicCanvasApp","appComponents":[]}}