{"properties":{"connectionReferences":{"shared_commondataserviceforapps":{"runtimeSource":"embedded","connection":{},"api":{"name":"shared_commondataserviceforapps"}}},"definition":{"$schema":"https://schema.management.azure.com/providers/Microsoft.Logic/schemas/2016-06-01/workflowdefinition.json#","contentVersion":"1.0.0.0","parameters":{"$connections":{"defaultValue":{},"type":"Object"},"$authentication":{"defaultValue":{},"type":"SecureObject"}},"triggers":{"New_Furniture_Transfer":{"type":"OpenApiConnectionWebhook","inputs":{"host":{"connectionName":"shared_commondataserviceforapps","operationId":"SubscribeWebhookTrigger","apiId":"/providers/Microsoft.PowerApps/apis/shared_commondataserviceforapps"},"parameters":{"subscriptionRequest/message":1,"subscriptionRequest/entityname":"scdhhs_furnituretransfer","subscriptionRequest/scope":4},"authentication":"@parameters('$authentication')"}}},"actions":{"Initialize_NewQuantity":{"runAfter":{"Initialize_Result":["Succeeded"]},"type":"InitializeVariable","inputs":{"variables":[{"name":"NewQuantity","type":"integer"}]}},"Initialize_FurnitureId":{"runAfter":{"Initialize_NewQuantity":["Succeeded"]},"type":"InitializeVariable","inputs":{"variables":[{"name":"FurnitureId","type":"string"}]}},"Initialize_CurrentQuantity":{"runAfter":{"Initialize_FurnitureName":["Succeeded"]},"type":"InitializeVariable","inputs":{"variables":[{"name":"CurrentQuantity","type":"string"}]}},"Get_Row_Furniture":{"runAfter":{"Initialize_BackLogQuantity":["Succeeded"]},"type":"OpenApiConnection","inputs":{"host":{"connectionName":"shared_commondataserviceforapps","operationId":"ListRecords","apiId":"/providers/Microsoft.PowerApps/apis/shared_commondataserviceforapps"},"parameters":{"entityName":"scdhhs_furnitures","$filter":"scdhhs_furnitureid eq '@{triggerOutputs()?['body/_scdhhs_furniture_value']}'"},"authentication":"@parameters('$authentication')"}},"Apply_to_each":{"foreach":"@outputs('Get_Row_Furniture')?['body/value']","actions":{"Set_FurnitureId":{"runAfter":{},"type":"SetVariable","inputs":{"name":"FurnitureId","value":"@items('Apply_to_each')?['scdhhs_furnitureid']"}},"Set_CurrentQuantity":{"runAfter":{"Set_FurnitureId":["Succeeded"]},"type":"SetVariable","inputs":{"name":"CurrentQuantity","value":"@{items('Apply_to_each')?['scdhhs_quantity']}"}}},"runAfter":{"Apply_to_each_-_BackLogQuantity":["Succeeded"]},"type":"Foreach"},"Set_variable":{"runAfter":{"Set_Result":["Succeeded"]},"type":"SetVariable","inputs":{"name":"NewQuantity","value":"@sub(variables('Result'), triggerOutputs()?['body/scdhhs_quantity'])"}},"Update_a_row":{"runAfter":{"Set_variable":["Succeeded"]},"type":"OpenApiConnection","inputs":{"host":{"connectionName":"shared_commondataserviceforapps","operationId":"UpdateRecord","apiId":"/providers/Microsoft.PowerApps/apis/shared_commondataserviceforapps"},"parameters":{"entityName":"scdhhs_furnitures","recordId":"@variables('FurnitureId')","item/scdhhs_quantity":"@variables('NewQuantity')"},"authentication":"@parameters('$authentication')"}},"Delay":{"runAfter":{},"type":"Wait","inputs":{"interval":{"count":30,"unit":"Second"}}},"Initialize_Value1":{"runAfter":{"Delay":["Succeeded"]},"type":"InitializeVariable","inputs":{"variables":[{"name":"Value1","type":"integer","value":0}]}},"Initialize_Value2":{"runAfter":{"Initialize_Value1":["Succeeded"]},"type":"InitializeVariable","inputs":{"variables":[{"name":"Value2","type":"integer","value":0}]}},"Initialize_Result":{"runAfter":{"Initialize_Value2":["Succeeded"]},"type":"InitializeVariable","inputs":{"variables":[{"name":"Result","type":"integer"}]}},"Initialize_FurnitureName":{"runAfter":{"Initialize_FurnitureId":["Succeeded"]},"type":"InitializeVariable","inputs":{"variables":[{"name":"FurnitureName","type":"string"}]}},"Initialize_BackLogQuantity":{"runAfter":{"Initialize_CurrentQuantity":["Succeeded"]},"type":"InitializeVariable","inputs":{"variables":[{"name":"BackLogQuantity","type":"string"}]}},"Apply_to_each_-_Set_FurnitureName":{"foreach":"@outputs('Get_Row_Furniture')?['body/value']","actions":{"Set_FurnitureName":{"runAfter":{},"type":"SetVariable","inputs":{"name":"FurnitureName","value":"@items('Apply_to_each_-_Set_FurnitureName')?['scdhhs_name']"}}},"runAfter":{"Get_Row_Furniture":["Succeeded"]},"type":"Foreach"},"Get_Row_Furniture_Backlog":{"runAfter":{"Apply_to_each_-_Set_FurnitureName":["Succeeded"]},"type":"OpenApiConnection","inputs":{"host":{"connectionName":"shared_commondataserviceforapps","operationId":"ListRecords","apiId":"/providers/Microsoft.PowerApps/apis/shared_commondataserviceforapps"},"parameters":{"entityName":"scdhhs_furniturebacklogs","$filter":"scdhhs_name eq '@{variables('FurnitureName')}'"},"authentication":"@parameters('$authentication')"}},"Apply_to_each_-_BackLogQuantity":{"foreach":"@outputs('Get_Row_Furniture_Backlog')?['body/value']","actions":{"Set_BackLogQuantity":{"runAfter":{},"type":"SetVariable","inputs":{"name":"BackLogQuantity","value":"@{items('Apply_to_each_-_BackLogQuantity')?['scdhhs_quantity']}"}}},"runAfter":{"Get_Row_Furniture_Backlog":["Succeeded"]},"type":"Foreach"},"Set_Value1":{"runAfter":{"Apply_to_each":["Succeeded"]},"type":"SetVariable","inputs":{"name":"Value1","value":"@int(variables('CurrentQuantity'))"}},"If_backlog_has_records":{"actions":{"Set_Value2":{"runAfter":{},"type":"SetVariable","inputs":{"name":"Value2","value":"@int(variables('BackLogQuantity'))"}}},"runAfter":{"Set_Value1":["Succeeded"]},"expression":{"greater":["@length(outputs('Get_Row_Furniture_Backlog')?['body/value'])",0]},"type":"If"},"Set_Result":{"runAfter":{"If_backlog_has_records":["Succeeded"]},"type":"SetVariable","inputs":{"name":"Result","value":"@add(variables('Value1'), variables('Value2'))"}}},"outputs":{}}},"schemaVersion":"1.0.0.0"}