{"properties":{"connectionReferences":{"shared_commondataserviceforapps":{"runtimeSource":"embedded","connection":{},"api":{"name":"shared_commondataserviceforapps"}}},"definition":{"$schema":"https://schema.management.azure.com/providers/Microsoft.Logic/schemas/2016-06-01/workflowdefinition.json#","contentVersion":"1.0.0.0","parameters":{"$connections":{"defaultValue":{},"type":"Object"},"$authentication":{"defaultValue":{},"type":"SecureObject"}},"triggers":{"New_Transfer":{"type":"OpenApiConnectionWebhook","inputs":{"host":{"connectionName":"shared_commondataserviceforapps","operationId":"SubscribeWebhookTrigger","apiId":"/providers/Microsoft.PowerApps/apis/shared_commondataserviceforapps"},"parameters":{"subscriptionRequest/message":1,"subscriptionRequest/entityname":"scdhhs_transfersupply","subscriptionRequest/scope":4},"authentication":"@parameters('$authentication')"}}},"actions":{"Initialize_NewQuantity":{"runAfter":{"Initialize_Result":["Succeeded"]},"type":"InitializeVariable","inputs":{"variables":[{"name":"NewQuantity","type":"integer"}]}},"Initialize_SupplyId":{"runAfter":{"Initialize_NewQuantity":["Succeeded"]},"type":"InitializeVariable","inputs":{"variables":[{"name":"SupplyId","type":"string"}]}},"Initialize_CurrentQuantity":{"runAfter":{"Initialize_SupplyName":["Succeeded"]},"type":"InitializeVariable","inputs":{"variables":[{"name":"CurrentQuantity","type":"string"}]}},"Get_Row_Supply":{"runAfter":{"Initialize_BackLogQuantity":["Succeeded"]},"type":"OpenApiConnection","inputs":{"host":{"connectionName":"shared_commondataserviceforapps","operationId":"ListRecords","apiId":"/providers/Microsoft.PowerApps/apis/shared_commondataserviceforapps"},"parameters":{"entityName":"scdhhs_supplies","$filter":"scdhhs_supplyid eq '@{triggerOutputs()?['body/_scdhhs_supply_value']}'"},"authentication":"@parameters('$authentication')"}},"Apply_to_each_-_Set_SupplyId_CurrentQuantity":{"foreach":"@outputs('Get_Row_Supply')?['body/value']","actions":{"Set_SupplyId":{"runAfter":{},"type":"SetVariable","inputs":{"name":"SupplyId","value":"@items('Apply_to_each_-_Set_SupplyId_CurrentQuantity')?['scdhhs_supplyid']"}},"Set_CurrentQuantity":{"runAfter":{"Set_SupplyId":["Succeeded"]},"type":"SetVariable","inputs":{"name":"CurrentQuantity","value":"@{items('Apply_to_each_-_Set_SupplyId_CurrentQuantity')?['scdhhs_quantity']}"}}},"runAfter":{"Apply_to_each_-_Set_BackLogQuantity":["Succeeded"]},"type":"Foreach"},"Set_NewQuantity":{"runAfter":{"Set_Result":["Succeeded"]},"type":"SetVariable","inputs":{"name":"NewQuantity","value":"@sub(variables('Result'), triggerOutputs()?['body/scdhhs_quantity'])"}},"Update_a_row":{"runAfter":{"Set_NewQuantity":["Succeeded"]},"type":"OpenApiConnection","inputs":{"host":{"connectionName":"shared_commondataserviceforapps","operationId":"UpdateRecord","apiId":"/providers/Microsoft.PowerApps/apis/shared_commondataserviceforapps"},"parameters":{"entityName":"scdhhs_supplies","recordId":"@variables('SupplyId')","item/scdhhs_quantity":"@variables('NewQuantity')"},"authentication":"@parameters('$authentication')"}},"Get_Row_Supply_Backlog":{"runAfter":{"Apply_to_each_-_Set_SupplyName":["Succeeded"]},"type":"OpenApiConnection","inputs":{"host":{"connectionName":"shared_commondataserviceforapps","operationId":"ListRecords","apiId":"/providers/Microsoft.PowerApps/apis/shared_commondataserviceforapps"},"parameters":{"entityName":"scdhhs_supplybacklogs","$filter":"scdhhs_name eq '@{variables('SuplyName')}'"},"authentication":"@parameters('$authentication')"}},"Apply_to_each_-_Set_SupplyName":{"foreach":"@outputs('Get_Row_Supply')?['body/value']","actions":{"Set_SupplyName":{"runAfter":{},"type":"SetVariable","inputs":{"name":"SuplyName","value":"@items('Apply_to_each_-_Set_SupplyName')?['scdhhs_name']"}}},"runAfter":{"Get_Row_Supply":["Succeeded"]},"type":"Foreach"},"Initialize_BackLogQuantity":{"runAfter":{"Initialize_CurrentQuantity":["Succeeded"]},"type":"InitializeVariable","inputs":{"variables":[{"name":"BackLogQuantity","type":"string"}]}},"Apply_to_each_-_Set_BackLogQuantity":{"foreach":"@outputs('Get_Row_Supply_Backlog')?['body/value']","actions":{"Set_BackLogQuantity":{"runAfter":{},"type":"SetVariable","inputs":{"name":"BackLogQuantity","value":"@{items('Apply_to_each_-_Set_BackLogQuantity')?['scdhhs_quantity']}"}}},"runAfter":{"Get_Row_Supply_Backlog":["Succeeded"]},"type":"Foreach"},"Initialize_Value1":{"runAfter":{"Delay":["Succeeded"]},"type":"InitializeVariable","inputs":{"variables":[{"name":"Value1","type":"integer","value":0}]}},"Set_Value1":{"runAfter":{"Apply_to_each_-_Set_SupplyId_CurrentQuantity":["Succeeded"]},"type":"SetVariable","inputs":{"name":"Value1","value":"@int(variables('CurrentQuantity'))"}},"Initialize_SupplyName":{"runAfter":{"Initialize_SupplyId":["Succeeded"]},"type":"InitializeVariable","inputs":{"variables":[{"name":"SuplyName","type":"string"}]}},"Initialize_Value2":{"runAfter":{"Initialize_Value1":["Succeeded"]},"type":"InitializeVariable","inputs":{"variables":[{"name":"Value2","type":"integer","value":0}]}},"Initialize_Result":{"runAfter":{"Initialize_Value2":["Succeeded"]},"type":"InitializeVariable","inputs":{"variables":[{"name":"Result","type":"integer"}]}},"Set_Result":{"runAfter":{"If_backlog_has_records":["Succeeded"]},"type":"SetVariable","inputs":{"name":"Result","value":"@add(variables('Value1'), variables('Value2'))"}},"If_backlog_has_records":{"actions":{"Set_Value2":{"runAfter":{},"type":"SetVariable","inputs":{"name":"Value2","value":"@int(variables('BackLogQuantity'))"}}},"runAfter":{"Set_Value1":["Succeeded"]},"expression":{"greater":["@length(outputs('Get_Row_Supply_Backlog')?['body/value'])",0]},"type":"If"},"Delay":{"runAfter":{},"type":"Wait","inputs":{"interval":{"count":30,"unit":"Second"}}}},"outputs":{}}},"schemaVersion":"1.0.0.0"}