{"properties":{"connectionReferences":{"shared_commondataserviceforapps":{"runtimeSource":"embedded","connection":{},"api":{"name":"shared_commondataserviceforapps"}}},"definition":{"$schema":"https://schema.management.azure.com/providers/Microsoft.Logic/schemas/2016-06-01/workflowdefinition.json#","contentVersion":"1.0.0.0","parameters":{"$connections":{"defaultValue":{},"type":"Object"},"$authentication":{"defaultValue":{},"type":"SecureObject"}},"triggers":{"Update_Inventory_Supply":{"type":"OpenApiConnectionWebhook","inputs":{"host":{"connectionName":"shared_commondataserviceforapps","operationId":"SubscribeWebhookTrigger","apiId":"/providers/Microsoft.PowerApps/apis/shared_commondataserviceforapps"},"parameters":{"subscriptionRequest/message":3,"subscriptionRequest/entityname":"scdhhs_inventorysupply","subscriptionRequest/scope":4},"authentication":"@parameters('$authentication')"}}},"actions":{"Initialize_NewQuantity":{"runAfter":{"Initialize_NewValue":["Succeeded"]},"type":"InitializeVariable","inputs":{"variables":[{"name":"NewQuantity","type":"integer","value":"@triggerOutputs()?['body/scdhhs_quantity']"}]}},"Initialize_OldQuantity":{"runAfter":{"Initialize_NewQuantity":["Succeeded"]},"type":"InitializeVariable","inputs":{"variables":[{"name":"OldQuantity","type":"integer","value":"@triggerOutputs()?['body/scdhhs_oldquantity']"}]}},"Initialize_SupplyId":{"runAfter":{"Initialize_OldQuantity":["Succeeded"]},"type":"InitializeVariable","inputs":{"variables":[{"name":"SupplyId","type":"string"}]}},"Initialize_CurrentQuantity":{"runAfter":{"Initialize_SupplyId":["Succeeded"]},"type":"InitializeVariable","inputs":{"variables":[{"name":"CurrentQuantity","type":"string"}]}},"Initialize_Value1":{"runAfter":{},"type":"InitializeVariable","inputs":{"variables":[{"name":"Value","type":"integer"}]}},"Initialize_NewValue":{"runAfter":{"Initialize_Value1":["Succeeded"]},"type":"InitializeVariable","inputs":{"variables":[{"name":"NewValue","type":"integer"}]}},"if_OldQuantity_is_null":{"actions":{},"runAfter":{"Initialize_CurrentQuantity":["Succeeded"]},"else":{"actions":{"if_NewQuality_equals_to_OldQuality":{"actions":{},"runAfter":{},"else":{"actions":{"Get_Supply_Row":{"runAfter":{},"type":"OpenApiConnection","inputs":{"host":{"connectionName":"shared_commondataserviceforapps","operationId":"ListRecords","apiId":"/providers/Microsoft.PowerApps/apis/shared_commondataserviceforapps"},"parameters":{"entityName":"scdhhs_supplies","$filter":"scdhhs_supplyid eq '@{triggerOutputs()?['body/_scdhhs_supply_value']}'"},"authentication":"@parameters('$authentication')"}},"Apply_to_each":{"foreach":"@outputs('Get_Supply_Row')?['body/value']","actions":{"Set_CurrentQuantity":{"runAfter":{},"type":"SetVariable","inputs":{"name":"CurrentQuantity","value":"@{items('Apply_to_each')?['scdhhs_quantity']}"}},"Set_SupplyId":{"runAfter":{"Set_CurrentQuantity":["Succeeded"]},"type":"SetVariable","inputs":{"name":"SupplyId","value":"@items('Apply_to_each')?['scdhhs_supplyid']"}}},"runAfter":{"Get_Supply_Row":["Succeeded"]},"type":"Foreach"},"Set_Value_equals_to_current_quantity__minus_old_quantity":{"runAfter":{"Apply_to_each":["Succeeded"]},"type":"SetVariable","inputs":{"name":"Value","value":"@sub(int(variables('CurrentQuantity')), variables('OldQuantity'))"}},"Set_NewValue_equals_to_Value_plus_new_quantity":{"runAfter":{"Set_Value_equals_to_current_quantity__minus_old_quantity":["Succeeded"]},"type":"SetVariable","inputs":{"name":"NewValue","value":"@add(variables('Value'), variables('NewQuantity'))"}},"Update_a_row":{"runAfter":{"Set_NewValue_equals_to_Value_plus_new_quantity":["Succeeded"]},"type":"OpenApiConnection","inputs":{"host":{"connectionName":"shared_commondataserviceforapps","operationId":"UpdateRecord","apiId":"/providers/Microsoft.PowerApps/apis/shared_commondataserviceforapps"},"parameters":{"entityName":"scdhhs_supplies","recordId":"@variables('SupplyId')","item/scdhhs_quantity":"@variables('NewValue')"},"authentication":"@parameters('$authentication')"}}}},"expression":{"equals":["@variables('NewQuantity')","@variables('OldQuantity')"]},"type":"If"}}},"expression":{"equals":["@variables('OldQuantity')",0]},"type":"If"}},"outputs":{}}},"schemaVersion":"1.0.0.0"}