{
  "errors": [],
  "warnings": [],
  "version": "2.2.1",
  "hash": "55e41c127ee5aa2d5ef7",
  "time": 641,
  "publicPath": "",
  "assetsByChunkName": {
    "on-prem-hello-world-web-part": [
      "on-prem-hello-world-web-part.js",
      "on-prem-hello-world-web-part.js.map"
    ]
  },
  "assets": [
    {
      "name": "on-prem-hello-world-web-part.js",
      "size": 22453,
      "chunks": [
        0
      ],
      "chunkNames": [
        "on-prem-hello-world-web-part"
      ],
      "emitted": true
    },
    {
      "name": "on-prem-hello-world-web-part.js.map",
      "size": 32690,
      "chunks": [
        0
      ],
      "chunkNames": [
        "on-prem-hello-world-web-part"
      ],
      "emitted": true
    }
  ],
  "entrypoints": {
    "on-prem-hello-world-web-part": {
      "chunks": [
        0
      ],
      "assets": [
        "on-prem-hello-world-web-part.js",
        "on-prem-hello-world-web-part.js.map"
      ]
    }
  },
  "chunks": [
    {
      "id": 0,
      "rendered": true,
      "initial": true,
      "entry": true,
      "extraAsync": false,
      "size": 18968,
      "names": [
        "on-prem-hello-world-web-part"
      ],
      "files": [
        "on-prem-hello-world-web-part.js",
        "on-prem-hello-world-web-part.js.map"
      ],
      "hash": "00591e471ec9f2b86639",
      "parents": [],
      "origins": [
        {
          "moduleId": 10,
          "module": "C:\\Code\\SPFx\\spfx-onprem-hello-world\\node_modules\\source-map-loader\\index.js!C:\\Code\\SPFx\\spfx-onprem-hello-world\\lib\\webparts\\onPremHelloWorld\\OnPremHelloWorldWebPart.js",
          "moduleIdentifier": "C:\\Code\\SPFx\\spfx-onprem-hello-world\\node_modules\\source-map-loader\\index.js!C:\\Code\\SPFx\\spfx-onprem-hello-world\\lib\\webparts\\onPremHelloWorld\\OnPremHelloWorldWebPart.js",
          "moduleName": "./lib/webparts/onPremHelloWorld/OnPremHelloWorldWebPart.js",
          "loc": "",
          "name": "on-prem-hello-world-web-part",
          "reasons": []
        }
      ]
    }
  ],
  "modules": [
    {
      "id": 0,
      "identifier": "C:\\Code\\SPFx\\spfx-onprem-hello-world\\node_modules\\source-map-loader\\index.js!C:\\Code\\SPFx\\spfx-onprem-hello-world\\lib\\webparts\\onPremHelloWorld\\OnPremHelloWorldWebPart.module.scss.js",
      "name": "./lib/webparts/onPremHelloWorld/OnPremHelloWorldWebPart.module.scss.js",
      "index": 4,
      "index2": 8,
      "size": 557,
      "cacheable": true,
      "built": true,
      "optional": false,
      "prefetched": false,
      "chunks": [
        0
      ],
      "assets": [],
      "issuer": "C:\\Code\\SPFx\\spfx-onprem-hello-world\\node_modules\\source-map-loader\\index.js!C:\\Code\\SPFx\\spfx-onprem-hello-world\\lib\\webparts\\onPremHelloWorld\\OnPremHelloWorldWebPart.js",
      "issuerId": 10,
      "issuerName": "./lib/webparts/onPremHelloWorld/OnPremHelloWorldWebPart.js",
      "failed": false,
      "errors": 0,
      "warnings": 0,
      "reasons": [
        {
          "moduleId": 10,
          "moduleIdentifier": "C:\\Code\\SPFx\\spfx-onprem-hello-world\\node_modules\\source-map-loader\\index.js!C:\\Code\\SPFx\\spfx-onprem-hello-world\\lib\\webparts\\onPremHelloWorld\\OnPremHelloWorldWebPart.js",
          "module": "./lib/webparts/onPremHelloWorld/OnPremHelloWorldWebPart.js",
          "moduleName": "./lib/webparts/onPremHelloWorld/OnPremHelloWorldWebPart.js",
          "type": "cjs require",
          "userRequest": "./OnPremHelloWorldWebPart.module.scss",
          "loc": "16:44-92"
        }
      ],
      "usedExports": true,
      "providedExports": null,
      "depth": 1,
      "source": "\"use strict\";\nObject.defineProperty(exports, \"__esModule\", { value: true });\n/* tslint:disable */\nrequire('./OnPremHelloWorldWebPart.module.css');\nvar styles = {\n    onPremHelloWorld: 'onPremHelloWorld_29e0d683',\n    container: 'container_29e0d683',\n    row: 'row_29e0d683',\n    column: 'column_29e0d683',\n    'ms-Grid': 'ms-Grid_29e0d683',\n    title: 'title_29e0d683',\n    subTitle: 'subTitle_29e0d683',\n    description: 'description_29e0d683',\n    button: 'button_29e0d683',\n    label: 'label_29e0d683',\n};\nexports.default = styles;\n/* tslint:enable */ \n\n"
    },
    {
      "id": 1,
      "identifier": "external \"@microsoft/sp-core-library\"",
      "name": "external \"@microsoft/sp-core-library\"",
      "index": 1,
      "index2": 0,
      "size": 42,
      "cacheable": false,
      "built": false,
      "optional": false,
      "prefetched": false,
      "chunks": [
        0
      ],
      "assets": [],
      "issuer": "C:\\Code\\SPFx\\spfx-onprem-hello-world\\node_modules\\source-map-loader\\index.js!C:\\Code\\SPFx\\spfx-onprem-hello-world\\lib\\webparts\\onPremHelloWorld\\OnPremHelloWorldWebPart.js",
      "issuerId": 10,
      "issuerName": "./lib/webparts/onPremHelloWorld/OnPremHelloWorldWebPart.js",
      "failed": false,
      "errors": 0,
      "warnings": 0,
      "reasons": [
        {
          "moduleId": 10,
          "moduleIdentifier": "C:\\Code\\SPFx\\spfx-onprem-hello-world\\node_modules\\source-map-loader\\index.js!C:\\Code\\SPFx\\spfx-onprem-hello-world\\lib\\webparts\\onPremHelloWorld\\OnPremHelloWorldWebPart.js",
          "module": "./lib/webparts/onPremHelloWorld/OnPremHelloWorldWebPart.js",
          "moduleName": "./lib/webparts/onPremHelloWorld/OnPremHelloWorldWebPart.js",
          "type": "cjs require",
          "userRequest": "@microsoft/sp-core-library",
          "loc": "13:24-61"
        }
      ],
      "usedExports": true,
      "providedExports": null,
      "depth": 1
    },
    {
      "id": 2,
      "identifier": "external \"@microsoft/sp-lodash-subset\"",
      "name": "external \"@microsoft/sp-lodash-subset\"",
      "index": 3,
      "index2": 2,
      "size": 42,
      "cacheable": false,
      "built": false,
      "optional": false,
      "prefetched": false,
      "chunks": [
        0
      ],
      "assets": [],
      "issuer": "C:\\Code\\SPFx\\spfx-onprem-hello-world\\node_modules\\source-map-loader\\index.js!C:\\Code\\SPFx\\spfx-onprem-hello-world\\lib\\webparts\\onPremHelloWorld\\OnPremHelloWorldWebPart.js",
      "issuerId": 10,
      "issuerName": "./lib/webparts/onPremHelloWorld/OnPremHelloWorldWebPart.js",
      "failed": false,
      "errors": 0,
      "warnings": 0,
      "reasons": [
        {
          "moduleId": 10,
          "moduleIdentifier": "C:\\Code\\SPFx\\spfx-onprem-hello-world\\node_modules\\source-map-loader\\index.js!C:\\Code\\SPFx\\spfx-onprem-hello-world\\lib\\webparts\\onPremHelloWorld\\OnPremHelloWorldWebPart.js",
          "module": "./lib/webparts/onPremHelloWorld/OnPremHelloWorldWebPart.js",
          "moduleName": "./lib/webparts/onPremHelloWorld/OnPremHelloWorldWebPart.js",
          "type": "cjs require",
          "userRequest": "@microsoft/sp-lodash-subset",
          "loc": "15:25-63"
        }
      ],
      "usedExports": true,
      "providedExports": null,
      "depth": 1
    },
    {
      "id": 3,
      "identifier": "external \"@microsoft/sp-webpart-base\"",
      "name": "external \"@microsoft/sp-webpart-base\"",
      "index": 2,
      "index2": 1,
      "size": 42,
      "cacheable": false,
      "built": false,
      "optional": false,
      "prefetched": false,
      "chunks": [
        0
      ],
      "assets": [],
      "issuer": "C:\\Code\\SPFx\\spfx-onprem-hello-world\\node_modules\\source-map-loader\\index.js!C:\\Code\\SPFx\\spfx-onprem-hello-world\\lib\\webparts\\onPremHelloWorld\\OnPremHelloWorldWebPart.js",
      "issuerId": 10,
      "issuerName": "./lib/webparts/onPremHelloWorld/OnPremHelloWorldWebPart.js",
      "failed": false,
      "errors": 0,
      "warnings": 0,
      "reasons": [
        {
          "moduleId": 10,
          "moduleIdentifier": "C:\\Code\\SPFx\\spfx-onprem-hello-world\\node_modules\\source-map-loader\\index.js!C:\\Code\\SPFx\\spfx-onprem-hello-world\\lib\\webparts\\onPremHelloWorld\\OnPremHelloWorldWebPart.js",
          "module": "./lib/webparts/onPremHelloWorld/OnPremHelloWorldWebPart.js",
          "moduleName": "./lib/webparts/onPremHelloWorld/OnPremHelloWorldWebPart.js",
          "type": "cjs require",
          "userRequest": "@microsoft/sp-webpart-base",
          "loc": "14:24-61"
        }
      ],
      "usedExports": true,
      "providedExports": null,
      "depth": 1
    },
    {
      "id": 4,
      "identifier": "external \"OnPremHelloWorldWebPartStrings\"",
      "name": "external \"OnPremHelloWorldWebPartStrings\"",
      "index": 10,
      "index2": 9,
      "size": 42,
      "cacheable": false,
      "built": false,
      "optional": false,
      "prefetched": false,
      "chunks": [
        0
      ],
      "assets": [],
      "issuer": "C:\\Code\\SPFx\\spfx-onprem-hello-world\\node_modules\\source-map-loader\\index.js!C:\\Code\\SPFx\\spfx-onprem-hello-world\\lib\\webparts\\onPremHelloWorld\\OnPremHelloWorldWebPart.js",
      "issuerId": 10,
      "issuerName": "./lib/webparts/onPremHelloWorld/OnPremHelloWorldWebPart.js",
      "failed": false,
      "errors": 0,
      "warnings": 0,
      "reasons": [
        {
          "moduleId": 10,
          "moduleIdentifier": "C:\\Code\\SPFx\\spfx-onprem-hello-world\\node_modules\\source-map-loader\\index.js!C:\\Code\\SPFx\\spfx-onprem-hello-world\\lib\\webparts\\onPremHelloWorld\\OnPremHelloWorldWebPart.js",
          "module": "./lib/webparts/onPremHelloWorld/OnPremHelloWorldWebPart.js",
          "moduleName": "./lib/webparts/onPremHelloWorld/OnPremHelloWorldWebPart.js",
          "type": "cjs require",
          "userRequest": "OnPremHelloWorldWebPartStrings",
          "loc": "17:14-55"
        }
      ],
      "usedExports": true,
      "providedExports": null,
      "depth": 1
    },
    {
      "id": 5,
      "identifier": "C:\\Code\\SPFx\\spfx-onprem-hello-world\\node_modules\\@microsoft\\loader-load-themed-styles\\lib\\index.js!C:\\Code\\SPFx\\spfx-onprem-hello-world\\node_modules\\css-loader\\index.js??ref--0-1!C:\\Code\\SPFx\\spfx-onprem-hello-world\\lib\\webparts\\onPremHelloWorld\\OnPremHelloWorldWebPart.module.css",
      "name": "./lib/webparts/onPremHelloWorld/OnPremHelloWorldWebPart.module.css",
      "index": 5,
      "index2": 7,
      "size": 467,
      "cacheable": true,
      "built": true,
      "optional": false,
      "prefetched": false,
      "chunks": [
        0
      ],
      "assets": [],
      "issuer": "C:\\Code\\SPFx\\spfx-onprem-hello-world\\node_modules\\source-map-loader\\index.js!C:\\Code\\SPFx\\spfx-onprem-hello-world\\lib\\webparts\\onPremHelloWorld\\OnPremHelloWorldWebPart.module.scss.js",
      "issuerId": 0,
      "issuerName": "./lib/webparts/onPremHelloWorld/OnPremHelloWorldWebPart.module.scss.js",
      "failed": false,
      "errors": 0,
      "warnings": 0,
      "reasons": [
        {
          "moduleId": 0,
          "moduleIdentifier": "C:\\Code\\SPFx\\spfx-onprem-hello-world\\node_modules\\source-map-loader\\index.js!C:\\Code\\SPFx\\spfx-onprem-hello-world\\lib\\webparts\\onPremHelloWorld\\OnPremHelloWorldWebPart.module.scss.js",
          "module": "./lib/webparts/onPremHelloWorld/OnPremHelloWorldWebPart.module.scss.js",
          "moduleName": "./lib/webparts/onPremHelloWorld/OnPremHelloWorldWebPart.module.scss.js",
          "type": "cjs require",
          "userRequest": "./OnPremHelloWorldWebPart.module.css",
          "loc": "4:0-47"
        }
      ],
      "usedExports": true,
      "providedExports": null,
      "depth": 2,
      "source": "var content = require(\"!!../../../node_modules/css-loader/index.js??ref--0-1!./OnPremHelloWorldWebPart.module.css\");\nvar loader = require(\"C:\\\\Code\\\\SPFx\\\\spfx-onprem-hello-world\\\\node_modules\\\\@microsoft\\\\load-themed-styles\\\\lib\\\\index.js\");\n\nif(typeof content === \"string\") content = [[module.id, content]];\n\n// add the styles to the DOM\nfor (var i = 0; i < content.length; i++) loader.loadStyles(content[i][1]);\n\nif(content.locals) module.exports = content.locals;"
    },
    {
      "id": 6,
      "identifier": "C:\\Code\\SPFx\\spfx-onprem-hello-world\\node_modules\\css-loader\\index.js?{\"minimize\":true}!C:\\Code\\SPFx\\spfx-onprem-hello-world\\lib\\webparts\\onPremHelloWorld\\OnPremHelloWorldWebPart.module.css",
      "name": "./~/css-loader?{\"minimize\":true}!./lib/webparts/onPremHelloWorld/OnPremHelloWorldWebPart.module.css",
      "index": 6,
      "index2": 4,
      "size": 2548,
      "cacheable": true,
      "built": true,
      "optional": false,
      "prefetched": false,
      "chunks": [
        0
      ],
      "assets": [],
      "issuer": "C:\\Code\\SPFx\\spfx-onprem-hello-world\\node_modules\\@microsoft\\loader-load-themed-styles\\lib\\index.js!C:\\Code\\SPFx\\spfx-onprem-hello-world\\node_modules\\css-loader\\index.js??ref--0-1!C:\\Code\\SPFx\\spfx-onprem-hello-world\\lib\\webparts\\onPremHelloWorld\\OnPremHelloWorldWebPart.module.css",
      "issuerId": 5,
      "issuerName": "./lib/webparts/onPremHelloWorld/OnPremHelloWorldWebPart.module.css",
      "failed": false,
      "errors": 0,
      "warnings": 0,
      "reasons": [
        {
          "moduleId": 5,
          "moduleIdentifier": "C:\\Code\\SPFx\\spfx-onprem-hello-world\\node_modules\\@microsoft\\loader-load-themed-styles\\lib\\index.js!C:\\Code\\SPFx\\spfx-onprem-hello-world\\node_modules\\css-loader\\index.js??ref--0-1!C:\\Code\\SPFx\\spfx-onprem-hello-world\\lib\\webparts\\onPremHelloWorld\\OnPremHelloWorldWebPart.module.css",
          "module": "./lib/webparts/onPremHelloWorld/OnPremHelloWorldWebPart.module.css",
          "moduleName": "./lib/webparts/onPremHelloWorld/OnPremHelloWorldWebPart.module.css",
          "type": "cjs require",
          "userRequest": "!!../../../node_modules/css-loader/index.js??ref--0-1!./OnPremHelloWorldWebPart.module.css",
          "loc": "1:14-115"
        }
      ],
      "usedExports": true,
      "providedExports": null,
      "depth": 3,
      "source": "exports = module.exports = require(\"../../../node_modules/css-loader/lib/css-base.js\")();\n// imports\n\n\n// module\nexports.push([module.id, \".onPremHelloWorld_29e0d683 .container_29e0d683{max-width:700px;margin:0 auto;box-shadow:0 2px 4px 0 rgba(0,0,0,.2),0 25px 50px 0 rgba(0,0,0,.1)}.onPremHelloWorld_29e0d683 .row_29e0d683{margin:0 -8px;box-sizing:border-box;color:\\\"[theme:white, default: #ffffff]\\\";background-color:\\\"[theme:themeDark, default: #005a9e]\\\";padding:20px}.onPremHelloWorld_29e0d683 .row_29e0d683:after,.onPremHelloWorld_29e0d683 .row_29e0d683:before{display:table;content:\\\"\\\";line-height:0}.onPremHelloWorld_29e0d683 .row_29e0d683:after{clear:both}.onPremHelloWorld_29e0d683 .column_29e0d683{position:relative;min-height:1px;padding-left:8px;padding-right:8px;box-sizing:border-box}[dir=ltr] .onPremHelloWorld_29e0d683 .column_29e0d683{float:left}[dir=rtl] .onPremHelloWorld_29e0d683 .column_29e0d683{float:right}.onPremHelloWorld_29e0d683 .column_29e0d683 .ms-Grid_29e0d683{padding:0}@media (min-width:640px){.onPremHelloWorld_29e0d683 .column_29e0d683{width:83.33333333333334%}}@media (min-width:1024px){.onPremHelloWorld_29e0d683 .column_29e0d683{width:66.66666666666666%}}@media (min-width:1024px){[dir=ltr] .onPremHelloWorld_29e0d683 .column_29e0d683{left:16.66667%}[dir=rtl] .onPremHelloWorld_29e0d683 .column_29e0d683{right:16.66667%}}@media (min-width:640px){[dir=ltr] .onPremHelloWorld_29e0d683 .column_29e0d683{left:8.33333%}[dir=rtl] .onPremHelloWorld_29e0d683 .column_29e0d683{right:8.33333%}}.onPremHelloWorld_29e0d683 .title_29e0d683{font-size:21px;font-weight:100;color:\\\"[theme:white, default: #ffffff]\\\"}.onPremHelloWorld_29e0d683 .description_29e0d683,.onPremHelloWorld_29e0d683 .subTitle_29e0d683{font-size:17px;font-weight:300;color:\\\"[theme:white, default: #ffffff]\\\"}.onPremHelloWorld_29e0d683 .button_29e0d683{text-decoration:none;height:32px;min-width:80px;background-color:\\\"[theme:themePrimary, default: #0078d7]\\\";border-color:\\\"[theme:themePrimary, default: #0078d7]\\\";color:\\\"[theme:white, default: #ffffff]\\\";outline:transparent;position:relative;font-family:Segoe UI WestEuropean,Segoe UI,-apple-system,BlinkMacSystemFont,Roboto,Helvetica Neue,sans-serif;-webkit-font-smoothing:antialiased;font-size:14px;font-weight:400;border-width:0;text-align:center;cursor:pointer;display:inline-block;padding:0 16px}.onPremHelloWorld_29e0d683 .button_29e0d683 .label_29e0d683{font-weight:600;font-size:14px;height:32px;line-height:32px;margin:0 4px;vertical-align:top;display:inline-block}\", \"\"]);\n\n// exports\n"
    },
    {
      "id": 7,
      "identifier": "C:\\Code\\SPFx\\spfx-onprem-hello-world\\node_modules\\source-map-loader\\index.js!C:\\Code\\SPFx\\spfx-onprem-hello-world\\node_modules\\@microsoft\\load-themed-styles\\lib\\index.js",
      "name": "./~/@microsoft/load-themed-styles/lib/index.js",
      "index": 8,
      "index2": 6,
      "size": 9762,
      "cacheable": true,
      "built": true,
      "optional": false,
      "prefetched": false,
      "chunks": [
        0
      ],
      "assets": [],
      "issuer": "C:\\Code\\SPFx\\spfx-onprem-hello-world\\node_modules\\@microsoft\\loader-load-themed-styles\\lib\\index.js!C:\\Code\\SPFx\\spfx-onprem-hello-world\\node_modules\\css-loader\\index.js??ref--0-1!C:\\Code\\SPFx\\spfx-onprem-hello-world\\lib\\webparts\\onPremHelloWorld\\OnPremHelloWorldWebPart.module.css",
      "issuerId": 5,
      "issuerName": "./lib/webparts/onPremHelloWorld/OnPremHelloWorldWebPart.module.css",
      "failed": false,
      "errors": 0,
      "warnings": 0,
      "reasons": [
        {
          "moduleId": 5,
          "moduleIdentifier": "C:\\Code\\SPFx\\spfx-onprem-hello-world\\node_modules\\@microsoft\\loader-load-themed-styles\\lib\\index.js!C:\\Code\\SPFx\\spfx-onprem-hello-world\\node_modules\\css-loader\\index.js??ref--0-1!C:\\Code\\SPFx\\spfx-onprem-hello-world\\lib\\webparts\\onPremHelloWorld\\OnPremHelloWorldWebPart.module.css",
          "module": "./lib/webparts/onPremHelloWorld/OnPremHelloWorldWebPart.module.css",
          "moduleName": "./lib/webparts/onPremHelloWorld/OnPremHelloWorldWebPart.module.css",
          "type": "cjs require",
          "userRequest": "C:\\Code\\SPFx\\spfx-onprem-hello-world\\node_modules\\@microsoft\\load-themed-styles\\lib\\index.js",
          "loc": "2:13-124"
        }
      ],
      "usedExports": true,
      "providedExports": null,
      "depth": 3,
      "source": "/**\n * An IThemingInstruction can specify a rawString to be preserved or a theme slot and a default value\n * to use if that slot is not specified by the theme.\n */\n\"use strict\";\nObject.defineProperty(exports, \"__esModule\", { value: true });\n// IE needs to inject styles using cssText. However, we need to evaluate this lazily, so this\n// value will initialize as undefined, and later will be set once on first loadStyles injection.\nvar _injectStylesWithCssText;\n// Store the theming state in __themeState__ global scope for reuse in the case of duplicate\n// load-themed-styles hosted on the page.\nvar _root = (typeof window === 'undefined') ? global : window; // tslint:disable-line:no-any\nvar _themeState = _root.__themeState__ = _root.__themeState__ || {\n    theme: undefined,\n    lastStyleElement: undefined,\n    registeredStyles: []\n};\n/**\n * Matches theming tokens. For example, \"[theme: themeSlotName, default: #FFF]\" (including the quotes).\n */\n// tslint:disable-next-line:max-line-length\nvar _themeTokenRegex = /[\\'\\\"]\\[theme:\\s*(\\w+)\\s*(?:\\,\\s*default:\\s*([\\\\\"\\']?[\\.\\,\\(\\)\\#\\-\\s\\w]*[\\.\\,\\(\\)\\#\\-\\w][\\\"\\']?))?\\s*\\][\\'\\\"]/g;\n/** Maximum style text length, for supporting IE style restrictions. */\nvar MAX_STYLE_CONTENT_SIZE = 10000;\n/**\n * Loads a set of style text. If it is registered too early, we will register it when the window.load\n * event is fired.\n * @param {string | ThemableArray} styles Themable style text to register.\n */\nfunction loadStyles(styles) {\n    var styleParts = Array.isArray(styles) ? styles : splitStyles(styles);\n    if (_injectStylesWithCssText === undefined) {\n        _injectStylesWithCssText = shouldUseCssText();\n    }\n    applyThemableStyles(styleParts);\n}\nexports.loadStyles = loadStyles;\n/**\n * Allows for customizable loadStyles logic. e.g. for server side rendering application\n * @param {(processedStyles: string, rawStyles?: string | ThemableArray) => void}\n * a loadStyles callback that gets called when styles are loaded or reloaded\n */\nfunction configureLoadStyles(loadStyles) {\n    _themeState.loadStyles = loadStyles;\n}\nexports.configureLoadStyles = configureLoadStyles;\n/**\n * Loads a set of style text. If it is registered too early, we will register it when the window.load event\n * is fired.\n * @param {string} styleText Style to register.\n * @param {IStyleRecord} styleRecord Existing style record to re-apply.\n */\nfunction applyThemableStyles(stylesArray, styleRecord) {\n    if (_themeState.loadStyles) {\n        _themeState.loadStyles(resolveThemableArray(stylesArray), stylesArray);\n    }\n    else {\n        _injectStylesWithCssText ?\n            registerStylesIE(stylesArray, styleRecord) :\n            registerStyles(stylesArray, styleRecord);\n    }\n}\n/**\n * Registers a set theme tokens to find and replace. If styles were already registered, they will be\n * replaced.\n * @param {theme} theme JSON object of theme tokens to values.\n */\nfunction loadTheme(theme) {\n    _themeState.theme = theme;\n    // reload styles.\n    reloadStyles();\n}\nexports.loadTheme = loadTheme;\n/**\n * Clear already registered style elements and style records in theme_State object\n */\nfunction clearStyles() {\n    _themeState.registeredStyles.forEach(function (styleRecord) {\n        var styleElement = styleRecord && styleRecord.styleElement;\n        if (styleElement && styleElement.parentElement) {\n            styleElement.parentElement.removeChild(styleElement);\n        }\n    });\n    _themeState.registeredStyles = [];\n}\nexports.clearStyles = clearStyles;\n/**\n * Reloads styles.\n */\nfunction reloadStyles() {\n    if (_themeState.theme) {\n        for (var _i = 0, _a = _themeState.registeredStyles; _i < _a.length; _i++) {\n            var styleRecord = _a[_i];\n            applyThemableStyles(styleRecord.themableStyle, styleRecord);\n        }\n    }\n}\n/**\n * Find theme tokens and replaces them with provided theme values.\n * @param {string} styles Tokenized styles to fix.\n */\nfunction detokenize(styles) {\n    if (styles) {\n        styles = resolveThemableArray(splitStyles(styles));\n    }\n    return styles;\n}\nexports.detokenize = detokenize;\n/**\n * Resolves ThemingInstruction objects in an array and joins the result into a string.\n * @param {ThemableArray} splitStyleArray ThemableArray to resolve and join.\n */\nfunction resolveThemableArray(splitStyleArray) {\n    var theme = _themeState.theme;\n    // Resolve the array of theming instructions to an array of strings.\n    // Then join the array to produce the final CSS string.\n    var resolvedArray = (splitStyleArray || []).map(function (currentValue) {\n        var themeSlot = currentValue.theme;\n        if (themeSlot) {\n            // A theming annotation. Resolve it.\n            var themedValue = theme ? theme[themeSlot] : undefined;\n            var defaultValue = currentValue.defaultValue || 'inherit';\n            // Warn to console if we hit an unthemed value even when themes are provided, unless \"DEBUG\" is false\n            // Allow the themedValue to be undefined to explicitly request the default value.\n            if (theme && !themedValue && console && !(themeSlot in theme) && (typeof DEBUG === 'undefined' || DEBUG)) {\n                console.warn(\"Theming value not provided for \\\"\" + themeSlot + \"\\\". Falling back to \\\"\" + defaultValue + \"\\\".\");\n            }\n            return themedValue || defaultValue;\n        }\n        else {\n            // A non-themable string. Preserve it.\n            return currentValue.rawString;\n        }\n    });\n    return resolvedArray.join('');\n}\n/**\n * Split tokenized CSS into an array of strings and theme specification objects\n * @param {string} styles Tokenized styles to split.\n */\nfunction splitStyles(styles) {\n    var result = [];\n    if (styles) {\n        var pos = 0; // Current position in styles.\n        var tokenMatch = void 0; // tslint:disable-line:no-null-keyword\n        while (tokenMatch = _themeTokenRegex.exec(styles)) {\n            var matchIndex = tokenMatch.index;\n            if (matchIndex > pos) {\n                result.push({\n                    rawString: styles.substring(pos, matchIndex)\n                });\n            }\n            result.push({\n                theme: tokenMatch[1],\n                defaultValue: tokenMatch[2] // May be undefined\n            });\n            // index of the first character after the current match\n            pos = _themeTokenRegex.lastIndex;\n        }\n        // Push the rest of the string after the last match.\n        result.push({\n            rawString: styles.substring(pos)\n        });\n    }\n    return result;\n}\nexports.splitStyles = splitStyles;\n/**\n * Registers a set of style text. If it is registered too early, we will register it when the\n * window.load event is fired.\n * @param {ThemableArray} styleArray Array of IThemingInstruction objects to register.\n * @param {IStyleRecord} styleRecord May specify a style Element to update.\n */\nfunction registerStyles(styleArray, styleRecord) {\n    var head = document.getElementsByTagName('head')[0];\n    var styleElement = document.createElement('style');\n    styleElement.type = 'text/css';\n    styleElement.appendChild(document.createTextNode(resolveThemableArray(styleArray)));\n    if (styleRecord) {\n        head.replaceChild(styleElement, styleRecord.styleElement);\n        styleRecord.styleElement = styleElement;\n    }\n    else {\n        head.appendChild(styleElement);\n    }\n    if (!styleRecord) {\n        _themeState.registeredStyles.push({\n            styleElement: styleElement,\n            themableStyle: styleArray\n        });\n    }\n}\n/**\n * Registers a set of style text, for IE 9 and below, which has a ~30 style element limit so we need\n * to register slightly differently.\n * @param {ThemableArray} styleArray Array of IThemingInstruction objects to register.\n * @param {IStyleRecord} styleRecord May specify a style Element to update.\n */\nfunction registerStylesIE(styleArray, styleRecord) {\n    var head = document.getElementsByTagName('head')[0];\n    var registeredStyles = _themeState.registeredStyles;\n    var lastStyleElement = _themeState.lastStyleElement;\n    var stylesheet = lastStyleElement ? lastStyleElement.styleSheet : undefined;\n    var lastStyleContent = stylesheet ? stylesheet.cssText : '';\n    var lastRegisteredStyle = registeredStyles[registeredStyles.length - 1];\n    var resolvedStyleText = resolveThemableArray(styleArray);\n    if (!lastStyleElement || (lastStyleContent.length + resolvedStyleText.length) > MAX_STYLE_CONTENT_SIZE) {\n        lastStyleElement = document.createElement('style');\n        lastStyleElement.type = 'text/css';\n        if (styleRecord) {\n            head.replaceChild(lastStyleElement, styleRecord.styleElement);\n            styleRecord.styleElement = lastStyleElement;\n        }\n        else {\n            head.appendChild(lastStyleElement);\n        }\n        if (!styleRecord) {\n            lastRegisteredStyle = {\n                styleElement: lastStyleElement,\n                themableStyle: styleArray\n            };\n            registeredStyles.push(lastRegisteredStyle);\n        }\n    }\n    lastStyleElement.styleSheet.cssText += detokenize(resolvedStyleText);\n    Array.prototype.push.apply(lastRegisteredStyle.themableStyle, styleArray); // concat in-place\n    // Preserve the theme state.\n    _themeState.lastStyleElement = lastStyleElement;\n}\n/**\n * Checks to see if styleSheet exists as a property off of a style element.\n * This will determine if style registration should be done via cssText (<= IE9) or not\n */\nfunction shouldUseCssText() {\n    var useCSSText = false;\n    if (typeof document !== 'undefined') {\n        var emptyStyle = document.createElement('style');\n        emptyStyle.type = 'text/css';\n        useCSSText = !!emptyStyle.styleSheet;\n    }\n    return useCSSText;\n}\n\n"
    },
    {
      "id": 8,
      "identifier": "C:\\Code\\SPFx\\spfx-onprem-hello-world\\node_modules\\source-map-loader\\index.js!C:\\Code\\SPFx\\spfx-onprem-hello-world\\node_modules\\css-loader\\lib\\css-base.js",
      "name": "./~/css-loader/lib/css-base.js",
      "index": 7,
      "index2": 3,
      "size": 1506,
      "cacheable": true,
      "built": true,
      "optional": false,
      "prefetched": false,
      "chunks": [
        0
      ],
      "assets": [],
      "issuer": "C:\\Code\\SPFx\\spfx-onprem-hello-world\\node_modules\\css-loader\\index.js?{\"minimize\":true}!C:\\Code\\SPFx\\spfx-onprem-hello-world\\lib\\webparts\\onPremHelloWorld\\OnPremHelloWorldWebPart.module.css",
      "issuerId": 6,
      "issuerName": "./~/css-loader?{\"minimize\":true}!./lib/webparts/onPremHelloWorld/OnPremHelloWorldWebPart.module.css",
      "failed": false,
      "errors": 0,
      "warnings": 0,
      "reasons": [
        {
          "moduleId": 6,
          "moduleIdentifier": "C:\\Code\\SPFx\\spfx-onprem-hello-world\\node_modules\\css-loader\\index.js?{\"minimize\":true}!C:\\Code\\SPFx\\spfx-onprem-hello-world\\lib\\webparts\\onPremHelloWorld\\OnPremHelloWorldWebPart.module.css",
          "module": "./~/css-loader?{\"minimize\":true}!./lib/webparts/onPremHelloWorld/OnPremHelloWorldWebPart.module.css",
          "moduleName": "./~/css-loader?{\"minimize\":true}!./lib/webparts/onPremHelloWorld/OnPremHelloWorldWebPart.module.css",
          "type": "cjs require",
          "userRequest": "../../../node_modules/css-loader/lib/css-base.js",
          "loc": "1:27-86"
        }
      ],
      "usedExports": true,
      "providedExports": null,
      "depth": 4,
      "source": "/*\r\n\tMIT License http://www.opensource.org/licenses/mit-license.php\r\n\tAuthor Tobias Koppers @sokra\r\n*/\r\n// css base code, injected by the css-loader\r\nmodule.exports = function() {\r\n\tvar list = [];\r\n\r\n\t// return the list of modules as css string\r\n\tlist.toString = function toString() {\r\n\t\tvar result = [];\r\n\t\tfor(var i = 0; i < this.length; i++) {\r\n\t\t\tvar item = this[i];\r\n\t\t\tif(item[2]) {\r\n\t\t\t\tresult.push(\"@media \" + item[2] + \"{\" + item[1] + \"}\");\r\n\t\t\t} else {\r\n\t\t\t\tresult.push(item[1]);\r\n\t\t\t}\r\n\t\t}\r\n\t\treturn result.join(\"\");\r\n\t};\r\n\r\n\t// import a list of modules into the list\r\n\tlist.i = function(modules, mediaQuery) {\r\n\t\tif(typeof modules === \"string\")\r\n\t\t\tmodules = [[null, modules, \"\"]];\r\n\t\tvar alreadyImportedModules = {};\r\n\t\tfor(var i = 0; i < this.length; i++) {\r\n\t\t\tvar id = this[i][0];\r\n\t\t\tif(typeof id === \"number\")\r\n\t\t\t\talreadyImportedModules[id] = true;\r\n\t\t}\r\n\t\tfor(i = 0; i < modules.length; i++) {\r\n\t\t\tvar item = modules[i];\r\n\t\t\t// skip already imported module\r\n\t\t\t// this implementation is not 100% perfect for weird media query combinations\r\n\t\t\t//  when a module is imported multiple times with different media queries.\r\n\t\t\t//  I hope this will never occur (Hey this way we have smaller bundles)\r\n\t\t\tif(typeof item[0] !== \"number\" || !alreadyImportedModules[item[0]]) {\r\n\t\t\t\tif(mediaQuery && !item[2]) {\r\n\t\t\t\t\titem[2] = mediaQuery;\r\n\t\t\t\t} else if(mediaQuery) {\r\n\t\t\t\t\titem[2] = \"(\" + item[2] + \") and (\" + mediaQuery + \")\";\r\n\t\t\t\t}\r\n\t\t\t\tlist.push(item);\r\n\t\t\t}\r\n\t\t}\r\n\t};\r\n\treturn list;\r\n};\r\n"
    },
    {
      "id": 9,
      "identifier": "C:\\Code\\SPFx\\spfx-onprem-hello-world\\node_modules\\source-map-loader\\index.js!C:\\Code\\SPFx\\spfx-onprem-hello-world\\node_modules\\webpack\\buildin\\global.js",
      "name": "(webpack)/buildin/global.js",
      "index": 9,
      "index2": 5,
      "size": 509,
      "cacheable": true,
      "built": true,
      "optional": false,
      "prefetched": false,
      "chunks": [
        0
      ],
      "assets": [],
      "issuer": "C:\\Code\\SPFx\\spfx-onprem-hello-world\\node_modules\\source-map-loader\\index.js!C:\\Code\\SPFx\\spfx-onprem-hello-world\\node_modules\\@microsoft\\load-themed-styles\\lib\\index.js",
      "issuerId": 7,
      "issuerName": "./~/@microsoft/load-themed-styles/lib/index.js",
      "failed": false,
      "errors": 0,
      "warnings": 0,
      "reasons": [
        {
          "moduleId": 7,
          "moduleIdentifier": "C:\\Code\\SPFx\\spfx-onprem-hello-world\\node_modules\\source-map-loader\\index.js!C:\\Code\\SPFx\\spfx-onprem-hello-world\\node_modules\\@microsoft\\load-themed-styles\\lib\\index.js",
          "module": "./~/@microsoft/load-themed-styles/lib/index.js",
          "moduleName": "./~/@microsoft/load-themed-styles/lib/index.js",
          "type": "cjs require",
          "userRequest": "global",
          "loc": "1:0-47"
        }
      ],
      "usedExports": true,
      "providedExports": null,
      "depth": 4,
      "source": "var g;\r\n\r\n// This works in non-strict mode\r\ng = (function() {\r\n\treturn this;\r\n})();\r\n\r\ntry {\r\n\t// This works if eval is allowed (see CSP)\r\n\tg = g || Function(\"return this\")() || (1,eval)(\"this\");\r\n} catch(e) {\r\n\t// This works if the window reference is available\r\n\tif(typeof window === \"object\")\r\n\t\tg = window;\r\n}\r\n\r\n// g can still be undefined, but nothing to do about it...\r\n// We return undefined, instead of nothing here, so it's\r\n// easier to handle this case. if(!global) { ...}\r\n\r\nmodule.exports = g;\r\n"
    },
    {
      "id": 10,
      "identifier": "C:\\Code\\SPFx\\spfx-onprem-hello-world\\node_modules\\source-map-loader\\index.js!C:\\Code\\SPFx\\spfx-onprem-hello-world\\lib\\webparts\\onPremHelloWorld\\OnPremHelloWorldWebPart.js",
      "name": "./lib/webparts/onPremHelloWorld/OnPremHelloWorldWebPart.js",
      "index": 0,
      "index2": 10,
      "size": 3451,
      "cacheable": true,
      "built": true,
      "optional": false,
      "prefetched": false,
      "chunks": [
        0
      ],
      "assets": [],
      "issuer": null,
      "issuerId": null,
      "issuerName": null,
      "failed": false,
      "errors": 0,
      "warnings": 0,
      "reasons": [],
      "usedExports": true,
      "providedExports": null,
      "depth": 0,
      "source": "\"use strict\";\nvar __extends = (this && this.__extends) || (function () {\n    var extendStatics = Object.setPrototypeOf ||\n        ({ __proto__: [] } instanceof Array && function (d, b) { d.__proto__ = b; }) ||\n        function (d, b) { for (var p in b) if (b.hasOwnProperty(p)) d[p] = b[p]; };\n    return function (d, b) {\n        extendStatics(d, b);\n        function __() { this.constructor = d; }\n        d.prototype = b === null ? Object.create(b) : (__.prototype = b.prototype, new __());\n    };\n})();\nObject.defineProperty(exports, \"__esModule\", { value: true });\nvar sp_core_library_1 = require(\"@microsoft/sp-core-library\");\nvar sp_webpart_base_1 = require(\"@microsoft/sp-webpart-base\");\nvar sp_lodash_subset_1 = require(\"@microsoft/sp-lodash-subset\");\nvar OnPremHelloWorldWebPart_module_scss_1 = require(\"./OnPremHelloWorldWebPart.module.scss\");\nvar strings = require(\"OnPremHelloWorldWebPartStrings\");\nvar OnPremHelloWorldWebPart = (function (_super) {\n    __extends(OnPremHelloWorldWebPart, _super);\n    function OnPremHelloWorldWebPart() {\n        return _super !== null && _super.apply(this, arguments) || this;\n    }\n    OnPremHelloWorldWebPart.prototype.render = function () {\n        this.domElement.innerHTML = \"\\n      <div class=\\\"\" + OnPremHelloWorldWebPart_module_scss_1.default.onPremHelloWorld + \"\\\">\\n        <div class=\\\"\" + OnPremHelloWorldWebPart_module_scss_1.default.container + \"\\\">\\n          <div class=\\\"\" + OnPremHelloWorldWebPart_module_scss_1.default.row + \"\\\">\\n            <div class=\\\"\" + OnPremHelloWorldWebPart_module_scss_1.default.column + \"\\\">\\n              <span class=\\\"\" + OnPremHelloWorldWebPart_module_scss_1.default.title + \"\\\">Welcome to SharePoint!</span>\\n              <p class=\\\"\" + OnPremHelloWorldWebPart_module_scss_1.default.subTitle + \"\\\">Customize SharePoint experiences using Web Parts.</p>\\n              <p class=\\\"\" + OnPremHelloWorldWebPart_module_scss_1.default.description + \"\\\">\" + sp_lodash_subset_1.escape(this.properties.description) + \"</p>\\n              <a href=\\\"https://aka.ms/spfx\\\" class=\\\"\" + OnPremHelloWorldWebPart_module_scss_1.default.button + \"\\\">\\n                <span class=\\\"\" + OnPremHelloWorldWebPart_module_scss_1.default.label + \"\\\">Learn more</span>\\n              </a>\\n            </div>\\n          </div>\\n        </div>\\n      </div>\";\n    };\n    Object.defineProperty(OnPremHelloWorldWebPart.prototype, \"dataVersion\", {\n        get: function () {\n            return sp_core_library_1.Version.parse('1.0');\n        },\n        enumerable: true,\n        configurable: true\n    });\n    OnPremHelloWorldWebPart.prototype.getPropertyPaneConfiguration = function () {\n        return {\n            pages: [\n                {\n                    header: {\n                        description: strings.PropertyPaneDescription\n                    },\n                    groups: [\n                        {\n                            groupName: strings.BasicGroupName,\n                            groupFields: [\n                                sp_webpart_base_1.PropertyPaneTextField('description', {\n                                    label: strings.DescriptionFieldLabel\n                                })\n                            ]\n                        }\n                    ]\n                }\n            ]\n        };\n    };\n    return OnPremHelloWorldWebPart;\n}(sp_webpart_base_1.BaseClientSideWebPart));\nexports.default = OnPremHelloWorldWebPart;\n\n"
    }
  ],
  "filteredModules": 0,
  "children": []
}