{"schemaVersion":"1.0","appDefinitionTemplate":{"id":"/providers/Microsoft.PowerApps/apps/","type":"Microsoft.PowerApps/apps","tags":{"primaryDeviceWidth":"1366","primaryDeviceHeight":"768","sienaVersion":"20200523T131827Z-3.20051.17.0","deviceCapabilities":"","supportsPortrait":"false","supportsLandscape":"true","primaryFormFactor":"Tablet","publisherVersion":"3.20051.17","minimumRequiredApiVersion":"2.2.0","hasComponent":"false","hasUnlockedComponent":"false","isUnifiedRootApp":"false"},"properties":{"appVersion":"2020-05-23T13:18:27Z","lifeCycleId":"Published","createdByClientVersion":{"major":3,"minor":20051,"build":17,"revision":0,"majorRevision":0,"minorRevision":0},"minClientVersion":{"major":3,"minor":20051,"build":17,"revision":0,"majorRevision":0,"minorRevision":0},"backgroundColor":"rgba(0, 176, 240, 1)","backgroundImageUri":"/16297704637272270209/N19d6d0da-4651-469c-a58f-48fec3d31e89-logoSmallFile","displayName":"SCDHHS Canvas App Blank","description":"","commitMessage":"","appUris":{"documentUri":{"value":"/16297704637272270209/Nd69d4a2b-1d7c-496d-b2f1-a12530437828-document.msapp","readonlyValue":"/16297704637272270209/Nd69d4a2b-1d7c-496d-b2f1-a12530437828-document.msapp"},"imageUris":[]},"createdTime":"0001-01-01T00:00:00Z","lastModifiedTime":"0001-01-01T00:00:00Z","sharedGroupsCount":0,"sharedUsersCount":0,"icons":{"smallIconUri":"/16297704637272270209/N87fa1e71-7e9e-43f9-b028-f3c5109ce4c5-small.png","mediumIconUri":"/16297704637272270209/N9e1487db-b10b-4c5b-bb2a-dbd2f006e48d-medium.png","largeIconUri":"/16297704637272270209/N31227d25-5e83-49f5-bb20-98ebf2d4d0a4-large.png","wideIconUri":"/16297704637272270209/N91cbe735-53ac-40b0-9540-c15f3c5d8f21-wide.png"},"connectionReferences":{},"databaseReferences":{},"almMode":"Environment","performanceOptimizationEnabled":false,"canConsumeAppPass":true},"isAppComponentLibrary":false,"appType":"ClassicCanvasApp","appComponents":[]}}