{"properties":{"connectionReferences":{"shared_commondataserviceforapps":{"runtimeSource":"embedded","connection":{},"api":{"name":"shared_commondataserviceforapps"}}},"definition":{"$schema":"https://schema.management.azure.com/providers/Microsoft.Logic/schemas/2016-06-01/workflowdefinition.json#","contentVersion":"1.0.0.0","parameters":{"$connections":{"defaultValue":{},"type":"Object"},"$authentication":{"defaultValue":{},"type":"SecureObject"}},"triggers":{"New_Inventory_Furniture":{"type":"OpenApiConnectionWebhook","inputs":{"host":{"connectionName":"shared_commondataserviceforapps","operationId":"SubscribeWebhookTrigger","apiId":"/providers/Microsoft.PowerApps/apis/shared_commondataserviceforapps"},"parameters":{"subscriptionRequest/message":1,"subscriptionRequest/entityname":"scdhhs_furnituredeliver","subscriptionRequest/scope":4},"authentication":"@parameters('$authentication')"}}},"actions":{"Initialize_NewQuantity":{"runAfter":{"Initialize_Result":["Succeeded"]},"type":"InitializeVariable","inputs":{"variables":[{"name":"NewQuantity","type":"integer"}]}},"Initialize_FurnitureId":{"runAfter":{"Initialize_NewQuantity":["Succeeded"]},"type":"InitializeVariable","inputs":{"variables":[{"name":"FurnitureId","type":"string"}]}},"Initialize_CurrentQuantity":{"runAfter":{"Initialize_FurnitureName":["Succeeded"]},"type":"InitializeVariable","inputs":{"variables":[{"name":"CurrentQuantity","type":"string"}]}},"Get_Furniture_Row":{"runAfter":{"Initialize_BackLogQuantity":["Succeeded"]},"type":"OpenApiConnection","inputs":{"host":{"connectionName":"shared_commondataserviceforapps","operationId":"ListRecords","apiId":"/providers/Microsoft.PowerApps/apis/shared_commondataserviceforapps"},"parameters":{"entityName":"scdhhs_furnitures","$filter":"scdhhs_furnitureid eq '@{triggerOutputs()?['body/_scdhhs_furniture_value']}'"},"authentication":"@parameters('$authentication')"}},"Apply_to_each":{"foreach":"@outputs('Get_Furniture_Row')?['body/value']","actions":{"Set_FurnitureId":{"runAfter":{},"type":"SetVariable","inputs":{"name":"FurnitureId","value":"@items('Apply_to_each')?['scdhhs_furnitureid']"}},"Set_Quantity":{"runAfter":{"Set_FurnitureId":["Succeeded"]},"type":"SetVariable","inputs":{"name":"CurrentQuantity","value":"@{items('Apply_to_each')?['scdhhs_quantity']}"}}},"runAfter":{"Apply_to_each_-_Set_FurnitureName":["Succeeded"]},"type":"Foreach"},"Update_a_row":{"runAfter":{"If_backlog_has_records":["Succeeded"]},"type":"OpenApiConnection","inputs":{"host":{"connectionName":"shared_commondataserviceforapps","operationId":"UpdateRecord","apiId":"/providers/Microsoft.PowerApps/apis/shared_commondataserviceforapps"},"parameters":{"entityName":"scdhhs_furnitures","recordId":"@variables('FurnitureId')","item/scdhhs_quantity":"@variables('NewQuantity')"},"authentication":"@parameters('$authentication')"}},"Delay":{"runAfter":{},"type":"Wait","inputs":{"interval":{"count":30,"unit":"Second"}}},"Initialize_Value1":{"runAfter":{"Initialize_Value":["Succeeded"]},"type":"InitializeVariable","inputs":{"variables":[{"name":"Value1","type":"integer","value":0}]}},"Initialize_Value2":{"runAfter":{"Initialize_Value1":["Succeeded"]},"type":"InitializeVariable","inputs":{"variables":[{"name":"Value2","type":"integer","value":0}]}},"Initialize_Result":{"runAfter":{"Initialize_Value2":["Succeeded"]},"type":"InitializeVariable","inputs":{"variables":[{"name":"Result","type":"integer"}]}},"Initialize_FurnitureName":{"runAfter":{"Initialize_FurnitureId":["Succeeded"]},"type":"InitializeVariable","inputs":{"variables":[{"name":"FurnitureName","type":"string"}]}},"Apply_to_each_-_Set_FurnitureName":{"foreach":"@outputs('Get_Furniture_Row')?['body/value']","actions":{"Set_FurnitureName":{"runAfter":{},"type":"SetVariable","inputs":{"name":"FurnitureName","value":"@items('Apply_to_each_-_Set_FurnitureName')?['scdhhs_name']"}}},"runAfter":{"Get_Furniture_Row":["Succeeded"]},"type":"Foreach"},"Get_Row_Furniture_Backlog":{"runAfter":{"Apply_to_each":["Succeeded"]},"type":"OpenApiConnection","inputs":{"host":{"connectionName":"shared_commondataserviceforapps","operationId":"ListRecords","apiId":"/providers/Microsoft.PowerApps/apis/shared_commondataserviceforapps"},"parameters":{"entityName":"scdhhs_furniturebacklogs","$filter":"scdhhs_name eq '@{variables('FurnitureName')}'"},"authentication":"@parameters('$authentication')"}},"Initialize_BackLogQuantity":{"runAfter":{"Initialize_CurrentQuantity":["Succeeded"]},"type":"InitializeVariable","inputs":{"variables":[{"name":"BackLogQuantity","type":"string"}]}},"Apply_to_each_-_Set_BackLogQuantity":{"foreach":"@outputs('Get_Row_Furniture_Backlog')?['body/value']","actions":{"Set_BackLogQuantity":{"runAfter":{},"type":"SetVariable","inputs":{"name":"BackLogQuantity","value":"@{items('Apply_to_each_-_Set_BackLogQuantity')?['scdhhs_quantity']}"}}},"runAfter":{"Get_Row_Furniture_Backlog":["Succeeded"]},"type":"Foreach"},"Set_Value1":{"runAfter":{"Apply_to_each_-_Set_BackLogQuantity":["Succeeded"]},"type":"SetVariable","inputs":{"name":"Value1","value":"@int(variables('CurrentQuantity'))"}},"If_backlog_has_records":{"actions":{"Set_Value2":{"runAfter":{},"type":"SetVariable","inputs":{"name":"Value2","value":"@int(variables('BackLogQuantity'))"}},"If_existing_quantity_is_greater_than_backlog_quantity":{"actions":{"Set_existing_quantity_-_backlog_quantity":{"runAfter":{},"type":"SetVariable","inputs":{"name":"Result","value":"@sub(variables('Value1'), variables('Value2'))"}},"Set_new_quantity_+_(_existing_quantity_-_backlog_quantity_)":{"runAfter":{"Set_existing_quantity_-_backlog_quantity":["Succeeded"]},"type":"SetVariable","inputs":{"name":"NewQuantity","value":"@add(triggerOutputs()?['body/scdhhs_quantity'], variables('Result'))"}}},"runAfter":{"Set_Value2":["Succeeded"]},"else":{"actions":{"Set_new_quantity":{"runAfter":{},"type":"SetVariable","inputs":{"name":"Result","value":"@int(triggerOutputs()?['body/scdhhs_quantity'])"}},"If_new_quantity_is_greater_than_backlog_quantity":{"actions":{"Set_new_quantity_-_backlog_quantity":{"runAfter":{},"type":"SetVariable","inputs":{"name":"Value","value":"@sub(variables('Result'), int(variables('BackLogQuantity')))"}},"Reset_new_quantity":{"runAfter":{"Set_new_quantity_-_backlog_quantity":["Succeeded"]},"type":"SetVariable","inputs":{"name":"NewQuantity","value":"@variables('Value')"}},"Apply_to_each_-_Update_backlog":{"foreach":"@outputs('Get_Row_Furniture_Backlog')?['body/value']","actions":{"Update_backlog":{"runAfter":{},"type":"OpenApiConnection","inputs":{"host":{"connectionName":"shared_commondataserviceforapps","operationId":"UpdateRecord","apiId":"/providers/Microsoft.PowerApps/apis/shared_commondataserviceforapps"},"parameters":{"entityName":"scdhhs_furniturebacklogs","recordId":"@items('Apply_to_each_-_Update_backlog')?['scdhhs_furniturebacklogid']","item/scdhhs_status":238190001},"authentication":"@parameters('$authentication')"}}},"runAfter":{"Reset_new_quantity":["Succeeded"]},"type":"Foreach"}},"runAfter":{"Set_new_quantity":["Succeeded"]},"else":{"actions":{"Set_backlog_quantity_-_new_quantity":{"runAfter":{},"type":"SetVariable","inputs":{"name":"Value","value":"@sub(int(variables('BackLogQuantity')), variables('Result'))"}},"Set_new_quantity_to_0":{"runAfter":{"Set_backlog_quantity_-_new_quantity":["Succeeded"]},"type":"SetVariable","inputs":{"name":"NewQuantity","value":0}},"Apply_to_each_-_Update_backlog_2":{"foreach":"@outputs('Get_Row_Furniture_Backlog')?['body/value']","actions":{"Update_backlog_2":{"runAfter":{},"type":"OpenApiConnection","inputs":{"host":{"connectionName":"shared_commondataserviceforapps","operationId":"UpdateRecord","apiId":"/providers/Microsoft.PowerApps/apis/shared_commondataserviceforapps"},"parameters":{"entityName":"scdhhs_furniturebacklogs","recordId":"@items('Apply_to_each_-_Update_backlog_2')?['scdhhs_furniturebacklogid']","item/scdhhs_quantity":"@variables('Value')"},"authentication":"@parameters('$authentication')"}}},"runAfter":{"Set_new_quantity_to_0":["Succeeded"]},"type":"Foreach"}}},"expression":{"greater":["@variables('Result')","@int(variables('BackLogQuantity'))"]},"type":"If"}}},"expression":{"greater":["@variables('Value1')","@variables('Value2')"]},"type":"If"}},"runAfter":{"Set_Value1":["Succeeded"]},"else":{"actions":{"Else_set_Result":{"runAfter":{},"type":"SetVariable","inputs":{"name":"Result","value":"@int(variables('CurrentQuantity'))"}},"Else_Set_NewQuantity":{"runAfter":{"Else_set_Result":["Succeeded"]},"type":"SetVariable","inputs":{"name":"NewQuantity","value":"@add(variables('Result'), triggerOutputs()?['body/scdhhs_quantity'])"}}}},"expression":{"greater":["@length(outputs('Get_Row_Furniture_Backlog')?['body/value'])",0]},"type":"If"},"Initialize_Value":{"runAfter":{"Delay":["Succeeded"]},"type":"InitializeVariable","inputs":{"variables":[{"name":"Value","type":"integer","value":0}]}}},"outputs":{}}},"schemaVersion":"1.0.0.0"}