{"properties":{"connectionReferences":{"shared_commondataserviceforapps":{"runtimeSource":"embedded","connection":{},"api":{"name":"shared_commondataserviceforapps"}},"shared_office365":{"runtimeSource":"embedded","connection":{},"api":{"name":"shared_office365"}}},"definition":{"$schema":"https://schema.management.azure.com/providers/Microsoft.Logic/schemas/2016-06-01/workflowdefinition.json#","contentVersion":"1.0.0.0","parameters":{"$connections":{"defaultValue":{},"type":"Object"},"$authentication":{"defaultValue":{},"type":"SecureObject"}},"triggers":{"backlog_order_has_been_shipped":{"type":"OpenApiConnectionWebhook","inputs":{"host":{"connectionName":"shared_commondataserviceforapps","operationId":"SubscribeWebhookTrigger","apiId":"/providers/Microsoft.PowerApps/apis/shared_commondataserviceforapps"},"parameters":{"subscriptionRequest/message":3,"subscriptionRequest/entityname":"scdhhs_furniturebacklog","subscriptionRequest/scope":4,"subscriptionRequest/runas":1},"authentication":"@parameters('$authentication')"}}},"actions":{"get_user":{"runAfter":{"Initialize_variable":["Succeeded"]},"type":"OpenApiConnection","inputs":{"host":{"connectionName":"shared_commondataserviceforapps","operationId":"GetItem","apiId":"/providers/Microsoft.PowerApps/apis/shared_commondataserviceforapps"},"parameters":{"entityName":"systemusers","recordId":"@triggerOutputs()?['body/_modifiedby_value']"},"authentication":"@parameters('$authentication')"}},"Condition":{"actions":{"Send_an_email_(V2)":{"runAfter":{},"type":"OpenApiConnection","inputs":{"host":{"connectionName":"shared_office365","operationId":"SendEmailV2","apiId":"/providers/Microsoft.PowerApps/apis/shared_office365"},"parameters":{"emailMessage/To":"@outputs('get_user')?['body/internalemailaddress']","emailMessage/Subject":"A new task has been assigned to you","emailMessage/Body":"<p><strong><br>\nPlease deliver </strong><strong>@{triggerOutputs()?['body/scdhhs_quantity']}</strong><strong> of </strong><strong>@{triggerOutputs()?['body/scdhhs_name']}</strong><strong> to customer immediately.<br>\n<br>\n</strong></p>","emailMessage/From":"SharepointNoReply@scdhhs.gov","emailMessage/Importance":"Normal"},"authentication":"@parameters('$authentication')"}}},"runAfter":{"Set_variable":["Succeeded"]},"expression":{"equals":["@triggerOutputs()?['body/scdhhs_status']",238190001]},"type":"If"},"Initialize_variable":{"runAfter":{},"type":"InitializeVariable","inputs":{"variables":[{"name":"dummy","type":"string","value":"@{triggerOutputs()?['body/scdhhs_status']}"}]}},"Set_variable":{"runAfter":{"get_user":["Succeeded"]},"type":"SetVariable","inputs":{"name":"dummy","value":"@outputs('get_user')?['body/internalemailaddress']"}}},"outputs":{}}},"schemaVersion":"1.0.0.0"}