{"properties":{"connectionReferences":{"shared_commondataserviceforapps":{"runtimeSource":"embedded","connection":{},"api":{"name":"shared_commondataserviceforapps"}}},"definition":{"$schema":"https://schema.management.azure.com/providers/Microsoft.Logic/schemas/2016-06-01/workflowdefinition.json#","contentVersion":"1.0.0.0","parameters":{"$connections":{"defaultValue":{},"type":"Object"},"$authentication":{"defaultValue":{},"type":"SecureObject"}},"triggers":{"New_Inventory_Supplies":{"type":"OpenApiConnectionWebhook","inputs":{"host":{"connectionName":"shared_commondataserviceforapps","operationId":"SubscribeWebhookTrigger","apiId":"/providers/Microsoft.PowerApps/apis/shared_commondataserviceforapps"},"parameters":{"subscriptionRequest/message":1,"subscriptionRequest/entityname":"scdhhs_inventorysupply","subscriptionRequest/scope":4},"authentication":"@parameters('$authentication')"}}},"actions":{"Initialize_NewQuantity":{"runAfter":{"Initialize_Result":["Succeeded"]},"type":"InitializeVariable","inputs":{"variables":[{"name":"NewQuantity","type":"integer"}]}},"Initialize_SupplyId":{"runAfter":{"Initialize_NewQuantity":["Succeeded"]},"type":"InitializeVariable","inputs":{"variables":[{"name":"SupplyId","type":"string"}]}},"Initialize_CurrentQuantity":{"runAfter":{"Initialize_SupplyName":["Succeeded"]},"type":"InitializeVariable","inputs":{"variables":[{"name":"CurrentQuantity","type":"string"}]}},"Get_Row_Supply":{"runAfter":{"Initialize_BackLogQuantity":["Succeeded"]},"type":"OpenApiConnection","inputs":{"host":{"connectionName":"shared_commondataserviceforapps","operationId":"ListRecords","apiId":"/providers/Microsoft.PowerApps/apis/shared_commondataserviceforapps"},"parameters":{"entityName":"scdhhs_supplies","$filter":"scdhhs_supplyid eq '@{triggerOutputs()?['body/_scdhhs_supply_value']}'"},"authentication":"@parameters('$authentication')"}},"Apply_to_each":{"foreach":"@outputs('Get_Row_Supply')?['body/value']","actions":{"Set_SupplyId":{"runAfter":{},"type":"SetVariable","inputs":{"name":"SupplyId","value":"@items('Apply_to_each')?['scdhhs_supplyid']"}},"Set_CurrentQuantity":{"runAfter":{"Set_SupplyId":["Succeeded"]},"type":"SetVariable","inputs":{"name":"CurrentQuantity","value":"@{items('Apply_to_each')?['scdhhs_quantity']}"}}},"runAfter":{"Apply_to_each_-_BackLogQuantity":["Succeeded"]},"type":"Foreach"},"Update_a_row":{"runAfter":{"If_backlog_has_records":["Succeeded"]},"type":"OpenApiConnection","inputs":{"host":{"connectionName":"shared_commondataserviceforapps","operationId":"UpdateRecord","apiId":"/providers/Microsoft.PowerApps/apis/shared_commondataserviceforapps"},"parameters":{"entityName":"scdhhs_supplies","recordId":"@variables('SupplyId')","item/scdhhs_quantity":"@variables('NewQuantity')"},"authentication":"@parameters('$authentication')"}},"Delay":{"runAfter":{},"type":"Wait","inputs":{"interval":{"count":30,"unit":"Second"}}},"Initialize_Value1":{"runAfter":{"Initialize_Value":["Succeeded"]},"type":"InitializeVariable","inputs":{"variables":[{"name":"Value1","type":"integer","value":0}]}},"Initialize_Value2":{"runAfter":{"Initialize_Value1":["Succeeded"]},"type":"InitializeVariable","inputs":{"variables":[{"name":"Value2","type":"integer","value":0}]}},"Initialize_Result":{"runAfter":{"Initialize_Value2":["Succeeded"]},"type":"InitializeVariable","inputs":{"variables":[{"name":"Result","type":"integer"}]}},"Initialize_SupplyName":{"runAfter":{"Initialize_SupplyId":["Succeeded"]},"type":"InitializeVariable","inputs":{"variables":[{"name":"SupplyName","type":"string"}]}},"Initialize_BackLogQuantity":{"runAfter":{"Initialize_CurrentQuantity":["Succeeded"]},"type":"InitializeVariable","inputs":{"variables":[{"name":"BackLogQuantity","type":"string"}]}},"Apply_to_each_-_SupplyName":{"foreach":"@outputs('Get_Row_Supply')?['body/value']","actions":{"Set_SupplyName":{"runAfter":{},"type":"SetVariable","inputs":{"name":"SupplyName","value":"@items('Apply_to_each_-_SupplyName')?['scdhhs_name']"}}},"runAfter":{"Get_Row_Supply":["Succeeded"]},"type":"Foreach"},"Get_Row_Supply_Backlog":{"runAfter":{"Apply_to_each_-_SupplyName":["Succeeded"]},"type":"OpenApiConnection","inputs":{"host":{"connectionName":"shared_commondataserviceforapps","operationId":"ListRecords","apiId":"/providers/Microsoft.PowerApps/apis/shared_commondataserviceforapps"},"parameters":{"entityName":"scdhhs_supplybacklogs","$filter":"scdhhs_name eq '@{variables('SupplyName')}'"},"authentication":"@parameters('$authentication')"}},"Apply_to_each_-_BackLogQuantity":{"foreach":"@outputs('Get_Row_Supply_Backlog')?['body/value']","actions":{"Set_BackLogQuantity":{"runAfter":{},"type":"SetVariable","inputs":{"name":"BackLogQuantity","value":"@{items('Apply_to_each_-_BackLogQuantity')?['scdhhs_quantity']}"}}},"runAfter":{"Get_Row_Supply_Backlog":["Succeeded"]},"type":"Foreach"},"Set_Value1":{"runAfter":{"Apply_to_each":["Succeeded"]},"type":"SetVariable","inputs":{"name":"Value1","value":"@int(variables('CurrentQuantity'))"}},"If_backlog_has_records":{"actions":{"Set_variable":{"runAfter":{},"type":"SetVariable","inputs":{"name":"Value2","value":"@int(variables('BackLogQuantity'))"}},"If_existing_quantity_is_greater_than_backlog_quantity":{"actions":{"Set_existing_quantity_-_backlog_quantity":{"runAfter":{},"type":"SetVariable","inputs":{"name":"Result","value":"@sub(variables('Value1'), variables('Value2'))"}},"Set_new_quantity_+_(_existing_quantity_-_backlog_quantity_)":{"runAfter":{"Set_existing_quantity_-_backlog_quantity":["Succeeded"]},"type":"SetVariable","inputs":{"name":"NewQuantity","value":"@add(triggerOutputs()?['body/scdhhs_quantity'], variables('Result'))"}}},"runAfter":{"Set_variable":["Succeeded"]},"else":{"actions":{"Set_new_quantity":{"runAfter":{},"type":"SetVariable","inputs":{"name":"Result","value":"@int(triggerOutputs()?['body/scdhhs_quantity'])"}},"Condition":{"actions":{"Set_new_quantity_-_backlog_quantity":{"runAfter":{},"type":"SetVariable","inputs":{"name":"Value","value":"@sub(variables('Result'), int(variables('BackLogQuantity')))"}},"Set_variable_3":{"runAfter":{"Set_new_quantity_-_backlog_quantity":["Succeeded"]},"type":"SetVariable","inputs":{"name":"NewQuantity","value":"@variables('Value')"}},"Apply_to_each_-_Update_backlog":{"foreach":"@outputs('Get_Row_Supply_Backlog')?['body/value']","actions":{"Update_backlog":{"runAfter":{},"type":"OpenApiConnection","inputs":{"host":{"connectionName":"shared_commondataserviceforapps","operationId":"UpdateRecord","apiId":"/providers/Microsoft.PowerApps/apis/shared_commondataserviceforapps"},"parameters":{"entityName":"scdhhs_supplybacklogs","recordId":"@items('Apply_to_each_-_Update_backlog')?['scdhhs_supplybacklogid']","item/scdhhs_status":238190001},"authentication":"@parameters('$authentication')"}}},"runAfter":{"Set_variable_3":["Succeeded"]},"type":"Foreach"}},"runAfter":{"Set_new_quantity":["Succeeded"]},"else":{"actions":{"Set_backlog_quantity_-_new_quantity":{"runAfter":{},"type":"SetVariable","inputs":{"name":"Value","value":"@sub(int(variables('BackLogQuantity')), variables('Result'))"}},"Else_Set_New_Quantity":{"runAfter":{"Set_backlog_quantity_-_new_quantity":["Succeeded"]},"type":"SetVariable","inputs":{"name":"NewQuantity","value":0}},"Apply_to_each_-_Update_backlog_2":{"foreach":"@outputs('Get_Row_Supply_Backlog')?['body/value']","actions":{"Update_backlog_2":{"runAfter":{},"type":"OpenApiConnection","inputs":{"host":{"connectionName":"shared_commondataserviceforapps","operationId":"UpdateRecord","apiId":"/providers/Microsoft.PowerApps/apis/shared_commondataserviceforapps"},"parameters":{"entityName":"scdhhs_supplybacklogs","recordId":"@items('Apply_to_each_-_Update_backlog_2')?['scdhhs_supplybacklogid']","item/scdhhs_quantity":"@variables('Value')","item/scdhhs_status":238190000},"authentication":"@parameters('$authentication')"}}},"runAfter":{"Else_Set_New_Quantity":["Succeeded"]},"type":"Foreach"}}},"expression":{"greater":["@variables('Result')","@int(variables('BackLogQuantity'))"]},"type":"If"}}},"expression":{"greater":["@variables('Value1')","@variables('Value2')"]},"type":"If"}},"runAfter":{"Set_Value1":["Succeeded"]},"else":{"actions":{"Else_Set_Variable":{"runAfter":{},"type":"SetVariable","inputs":{"name":"Result","value":"@int(variables('CurrentQuantity'))"}},"Set_variable_2":{"runAfter":{"Else_Set_Variable":["Succeeded"]},"type":"SetVariable","inputs":{"name":"NewQuantity","value":"@add(variables('Result'), triggerOutputs()?['body/scdhhs_quantity'])"}}}},"expression":{"greater":["@length(outputs('Get_Row_Supply_Backlog')?['body/value'])",0]},"type":"If"},"Initialize_Value":{"runAfter":{"Delay":["Succeeded"]},"type":"InitializeVariable","inputs":{"variables":[{"name":"Value","type":"integer","value":0}]}}},"outputs":{}}},"schemaVersion":"1.0.0.0"}