{"properties":{"connectionReferences":{"shared_commondataserviceforapps":{"runtimeSource":"embedded","connection":{},"api":{"name":"shared_commondataserviceforapps"}}},"definition":{"$schema":"https://schema.management.azure.com/providers/Microsoft.Logic/schemas/2016-06-01/workflowdefinition.json#","contentVersion":"1.0.0.0","parameters":{"$connections":{"defaultValue":{},"type":"Object"},"$authentication":{"defaultValue":{},"type":"SecureObject"}},"triggers":{"New_Inventory_Furniture":{"type":"OpenApiConnectionWebhook","inputs":{"host":{"connectionName":"shared_commondataserviceforapps","operationId":"SubscribeWebhookTrigger","apiId":"/providers/Microsoft.PowerApps/apis/shared_commondataserviceforapps"},"parameters":{"subscriptionRequest/message":1,"subscriptionRequest/entityname":"scdhhs_furnituredeliver","subscriptionRequest/scope":4},"authentication":"@parameters('$authentication')"}}},"actions":{"Initialize_NewQuantity":{"runAfter":{},"type":"InitializeVariable","inputs":{"variables":[{"name":"NewQuantity","type":"integer"}]}},"Initialize_FurnitureId":{"runAfter":{"Initialize_NewQuantity":["Succeeded"]},"type":"InitializeVariable","inputs":{"variables":[{"name":"FurnitureId","type":"string"}]}},"Initialize_CurrentQuantity":{"runAfter":{"Initialize_FurnitureId":["Succeeded"]},"type":"InitializeVariable","inputs":{"variables":[{"name":"CurrentQuantity","type":"string"}]}},"Get_Furniture_Row":{"runAfter":{"Initialize_CurrentQuantity":["Succeeded"]},"type":"OpenApiConnection","inputs":{"host":{"connectionName":"shared_commondataserviceforapps","operationId":"ListRecords","apiId":"/providers/Microsoft.PowerApps/apis/shared_commondataserviceforapps"},"parameters":{"entityName":"scdhhs_furnitures","$filter":"scdhhs_furnitureid eq '@{triggerOutputs()?['body/_scdhhs_furniture_value']}'"},"authentication":"@parameters('$authentication')"}},"Apply_to_each":{"foreach":"@outputs('Get_Furniture_Row')?['body/value']","actions":{"Set_FurnitureId":{"runAfter":{},"type":"SetVariable","inputs":{"name":"FurnitureId","value":"@items('Apply_to_each')?['scdhhs_furnitureid']"}},"Set_Quantity":{"runAfter":{"Set_FurnitureId":["Succeeded"]},"type":"SetVariable","inputs":{"name":"CurrentQuantity","value":"@{items('Apply_to_each')?['scdhhs_quantity']}"}}},"runAfter":{"Get_Furniture_Row":["Succeeded"]},"type":"Foreach"},"Set_variable":{"runAfter":{"Apply_to_each":["Succeeded"]},"type":"SetVariable","inputs":{"name":"NewQuantity","value":"@add(int(variables('CurrentQuantity')),triggerOutputs()?['body/scdhhs_quantity'])"}},"Update_a_row":{"runAfter":{"Set_variable":["Succeeded"]},"type":"OpenApiConnection","inputs":{"host":{"connectionName":"shared_commondataserviceforapps","operationId":"UpdateRecord","apiId":"/providers/Microsoft.PowerApps/apis/shared_commondataserviceforapps"},"parameters":{"entityName":"scdhhs_furnitures","recordId":"@variables('FurnitureId')","item/scdhhs_quantity":"@variables('NewQuantity')"},"authentication":"@parameters('$authentication')"}}},"outputs":{}}},"schemaVersion":"1.0.0.0"}