{"properties":{"connectionReferences":{"shared_commondataserviceforapps":{"runtimeSource":"embedded","connection":{},"api":{"name":"shared_commondataserviceforapps"}}},"definition":{"$schema":"https://schema.management.azure.com/providers/Microsoft.Logic/schemas/2016-06-01/workflowdefinition.json#","contentVersion":"1.0.0.0","parameters":{"$connections":{"defaultValue":{},"type":"Object"},"$authentication":{"defaultValue":{},"type":"SecureObject"}},"triggers":{"New_Transfer":{"type":"OpenApiConnectionWebhook","inputs":{"host":{"connectionName":"shared_commondataserviceforapps","operationId":"SubscribeWebhookTrigger","apiId":"/providers/Microsoft.PowerApps/apis/shared_commondataserviceforapps"},"parameters":{"subscriptionRequest/message":1,"subscriptionRequest/entityname":"scdhhs_transfersupply","subscriptionRequest/scope":4},"authentication":"@parameters('$authentication')"}}},"actions":{"Initialize_NewQuantity":{"runAfter":{},"type":"InitializeVariable","inputs":{"variables":[{"name":"NewQuantity","type":"integer"}]}},"Initialize_SupplyId":{"runAfter":{"Initialize_NewQuantity":["Succeeded"]},"type":"InitializeVariable","inputs":{"variables":[{"name":"SupplyId","type":"string"}]}},"Initialize_CurrentQuantity":{"runAfter":{"Initialize_SupplyId":["Succeeded"]},"type":"InitializeVariable","inputs":{"variables":[{"name":"CurrentQuantity","type":"string"}]}},"Get_Row_Supply":{"runAfter":{"Initialize_CurrentQuantity":["Succeeded"]},"type":"OpenApiConnection","inputs":{"host":{"connectionName":"shared_commondataserviceforapps","operationId":"ListRecords","apiId":"/providers/Microsoft.PowerApps/apis/shared_commondataserviceforapps"},"parameters":{"entityName":"scdhhs_supplies","$filter":"scdhhs_supplyid eq '@{triggerOutputs()?['body/_scdhhs_supply_value']}'"},"authentication":"@parameters('$authentication')"}},"Apply_to_each":{"foreach":"@outputs('Get_Row_Supply')?['body/value']","actions":{"Set_SupplyId":{"runAfter":{},"type":"SetVariable","inputs":{"name":"SupplyId","value":"@items('Apply_to_each')?['scdhhs_supplyid']"}},"Set_CurrentQuantity":{"runAfter":{"Set_SupplyId":["Succeeded"]},"type":"SetVariable","inputs":{"name":"CurrentQuantity","value":"@{items('Apply_to_each')?['scdhhs_quantity']}"}}},"runAfter":{"Get_Row_Supply":["Succeeded"]},"type":"Foreach"},"Set_NewQuantity":{"runAfter":{"Apply_to_each":["Succeeded"]},"type":"SetVariable","inputs":{"name":"NewQuantity","value":"@sub(int(variables('CurrentQuantity')), triggerOutputs()?['body/scdhhs_quantity'])"}},"Update_a_row":{"runAfter":{"Set_NewQuantity":["Succeeded"]},"type":"OpenApiConnection","inputs":{"host":{"connectionName":"shared_commondataserviceforapps","operationId":"UpdateRecord","apiId":"/providers/Microsoft.PowerApps/apis/shared_commondataserviceforapps"},"parameters":{"entityName":"scdhhs_supplies","recordId":"@variables('SupplyId')","item/scdhhs_quantity":"@variables('NewQuantity')"},"authentication":"@parameters('$authentication')"}}},"outputs":{}}},"schemaVersion":"1.0.0.0"}