{
  "$schema": "https://developer.microsoft.com/json-schemas/spfx-build/package-solution.schema.json",
  "solution": {
    "name": "spfx-extensions-fieldcustomizer-client-side-solution",
    "id": "ddfdeaf0-facd-4c5c-a483-fa0226bdb204",
    "version": "1.0.0.0",
    "includeClientSideAssets": true,
    "features": [
      {
        "title": "Application Extension - Deployment of custom action.",
        "description": "Deploys a custom action with ClientSideComponentId association",
        "id": "7dcf727e-f2de-412d-a766-9dd14766abe6",
        "version": "1.0.0.0",
        "assets": {
          "elementManifests": [
            "elements.xml"
          ]
        }
      }
    ]
  },
  "paths": {
    "zippedPackage": "solution/spfx-extensions-fieldcustomizer.sppkg"
  }
}
