{
  "$schema": "https://developer.microsoft.com/json-schemas/core-build/serve.schema.json",
  "port": 4321,
  "https": true,
  "serveConfigurations": {
    "default": {
      "pageUrl": "https://contoso.sharepoint.com/sites/mySite/SitePages/myPage.aspx",
      "fieldCustomizers": {
        "Completion": {
          "id": "8db272d2-a083-48e7-b6da-dbf14fc98bbf",
          "properties": {
            "sampleText": "Value"
          }
        }
      }
    },
    "percentFieldCustomizer": {
      "pageUrl": "https://contoso.sharepoint.com/sites/mySite/SitePages/myPage.aspx",
      "fieldCustomizers": {
        "Completion": {
          "id": "8db272d2-a083-48e7-b6da-dbf14fc98bbf",
          "properties": {
            "sampleText": "Value"
          }
        }
      }
    }
  }
}
