{"id":"c8143cad-2143-4923-bb1b-3cee99d9827c","alias":"SinglePartPageWebPart","componentType":"WebPart","version":"0.0.1","manifestVersion":2,"requiresCustomScript":false,"supportedHosts":["SharePointWebPart","SharePointFullPage"],"preconfiguredEntries":[{"groupId":"5c03119e-3074-46fd-976b-c60198311f70","group":{"default":"Other"},"title":{"default":"SinglePartPage"},"description":{"default":"SinglePartPage description"},"officeFabricIconFontName":"Page","properties":{"description":"SinglePartPage"}}],"loaderConfig":{"entryModuleId":"single-part-page-web-part","internalModuleBaseUrls":["<!-- PATH TO CDN -->/"],"scriptResources":{"single-part-page-web-part":{"type":"path","path":"single-part-page-web-part_ad058e12efd70b0efd8f6abcad76e85b.js"},"SinglePartPageWebPartStrings":{"defaultPath":"single-part-app-page-singlepartpagewebpartstrings_en-us_536e65149b0acf4d52c0043073b9fc59.js","type":"localizedPath","paths":{}},"@microsoft/sp-core-library":{"type":"component","version":"1.8.1","id":"7263c7d0-1d6a-45ec-8d85-d4d1d234171b"},"@microsoft/sp-webpart-base":{"type":"component","version":"1.8.1","id":"974a7777-0990-4136-8fa6-95d80114c2e0"},"@microsoft/sp-property-pane":{"type":"component","version":"1.8.1","id":"f9e737b7-f0df-4597-ba8c-3060f82380db"},"@microsoft/sp-lodash-subset":{"type":"component","version":"1.8.1","id":"73e1dc6c-8441-42cc-ad47-4bd3659f8a3a"}}}}