{
  "$schema": "https://developer.microsoft.com/json-schemas/spfx-build/package-solution.schema.json",
  "solution": {
    "name": "spfx-msgraph-aadhttpclient-client-side-solution",
    "id": "5a010192-78ae-416e-aeb6-e5810b406be4",
    "version": "1.0.0.0",
    "includeClientSideAssets": true,
    "webApiPermissionRequests": [
      {
        "resource": "Microsoft Graph",
        "scope": "User.ReadBasic.All"
      }
    ]
  },
  "paths": {
    "zippedPackage": "solution/spfx-msgraph-aadhttpclient.sppkg"
  }
}
