{
    "schemaVersion": "1.0",
    "appDefinitionTemplate": {
        "id": "/providers/Microsoft.PowerApps/apps/",
        "type": "Microsoft.PowerApps/apps",
        "tags": {
            "primaryDeviceWidth": "640",
            "primaryDeviceHeight": "1136",
            "sienaVersion": "20200405T225843Z-3.20022.21.0",
            "deviceCapabilities": "",
            "supportsPortrait": "true",
            "supportsLandscape": "false",
            "primaryFormFactor": "Phone",
            "publisherVersion": "3.20022.21",
            "minimumRequiredApiVersion": "2.2.0",
            "hasComponent": "false",
            "hasUnlockedComponent": "false"
        },
        "properties": {
            "appVersion": "2020-04-05T22:58:43Z",
            "lifeCycleId": "Published",
            "createdByClientVersion": {
                "major": 3,
                "minor": 20022,
                "build": 21,
                "revision": 0,
                "majorRevision": 0,
                "minorRevision": 0
            },
            "minClientVersion": {
                "major": 3,
                "minor": 20022,
                "build": 21,
                "revision": 0,
                "majorRevision": 0,
                "minorRevision": 0
            },
            "backgroundColor": "rgba(0, 176, 240, 1)",
            "backgroundImageUri": "/2582293972613677373/N441ef548-8fc2-416f-8dd6-2dc52056cb77-logoSmallFile",
            "displayName": "PWE App",
            "description": "",
            "commitMessage": "",
            "appUris": {
                "documentUri": {
                    "value": "/2582293972613677373/N5bdf7a48-4771-4723-a697-0da87f27640c-document.msapp",
                    "readonlyValue": "/2582293972613677373/N5bdf7a48-4771-4723-a697-0da87f27640c-document.msapp"
                },
                "imageUris": []
            },
            "createdTime": "0001-01-01T00:00:00Z",
            "lastModifiedTime": "0001-01-01T00:00:00Z",
            "sharedGroupsCount": 0,
            "sharedUsersCount": 0,
            "icons": {
                "smallIconUri": "/2582293972613677373/Na1faa42a-9bb2-48c0-a75d-2652765a4d8c-small.png",
                "mediumIconUri": "/2582293972613677373/N199ab88f-bc6a-4e22-a2f5-cfc7cbb10532-medium.png",
                "largeIconUri": "/2582293972613677373/N64e6fb24-abf4-4c5a-9050-fca8f2f8689b-large.png",
                "wideIconUri": "/2582293972613677373/N926e76e3-4bda-4586-8f5b-a77e3769ca02-wide.png"
            },
            "connectionReferences": {
                "6b6883cc-3794-4091-839d-1ebf2dba48ef": {
                    "id": "339bba1a-f39b-4655-92ce-59b1957a5ef8",
                    "displayName": "SharePoint",
                    "iconUri": "https://connectoricons-prod.azureedge.net/sharepointonline/icon_1.0.1317.1924.png",
                    "dataSources": [
                        "PWEList"
                    ],
                    "dependencies": [],
                    "dependents": [],
                    "parameterHints": {},
                    "isOnPremiseConnection": false,
                    "dataSets": {
                        "https://schhs.sharepoint.com/sites/sites/Powerapps": {
                            "dataSources": {
                                "PWEList": {
                                    "tableName": "1056f82b-8d6b-4f51-b5bc-681dc7b288ba"
                                }
                            }
                        }
                    },
                    "apiTier": "Standard",
                    "isCustomApiConnection": false
                }
            },
            "databaseReferences": {},
            "almMode": "Solution",
            "performanceOptimizationEnabled": false,
            "canConsumeAppPass": true
        },
        "isAppComponentLibrary": false,
        "appType": "ClassicCanvasApp",
        "appComponents": []
    }
}