{
  "$schema": "https://developer.microsoft.com/json-schemas/spfx-build/package-solution.schema.json",
  "solution": {
    "name": "spfx-consume-msgraph-client-side-solution",
    "id": "f95e77e7-842b-4ac9-b3f7-f5c421efdb0d",
    "version": "1.0.0.0",
    "includeClientSideAssets": true,
    "webApiPermissionRequests": [
      {
        "resource": "Microsoft Graph",
        "scope": "User.ReadBasic.All"
      }
    ]
  },
  "paths": {
    "zippedPackage": "solution/spfx-consume-msgraph.sppkg"
  }
}
