{"schemaVersion":"1.0","appDefinitionTemplate":{"id":"/providers/Microsoft.PowerApps/apps/","type":"Microsoft.PowerApps/apps","tags":{"primaryDeviceWidth":"1366","primaryDeviceHeight":"768","sienaVersion":"20200423T185801Z-3.20023.8.0","deviceCapabilities":"","supportsPortrait":"false","supportsLandscape":"true","primaryFormFactor":"Tablet","publisherVersion":"3.20023.8","minimumRequiredApiVersion":"2.2.0","hasComponent":"false","hasUnlockedComponent":"false"},"properties":{"appVersion":"2020-04-23T18:58:01Z","lifeCycleId":"Published","createdByClientVersion":{"major":3,"minor":20023,"build":8,"revision":0,"majorRevision":0,"minorRevision":0},"minClientVersion":{"major":3,"minor":20023,"build":8,"revision":0,"majorRevision":0,"minorRevision":0},"backgroundColor":"rgba(0, 176, 240, 1)","backgroundImageUri":"/16297704637272270209/Nf02d56d2-a98e-47b8-88bd-801c5d100f4f-logoSmallFile","displayName":"SCDHHS Canvas App Blank","description":"","commitMessage":"","appUris":{"documentUri":{"value":"/16297704637272270209/N789ffdaf-56ea-4a1b-be48-57c6f743ac52-document.msapp","readonlyValue":"/16297704637272270209/N789ffdaf-56ea-4a1b-be48-57c6f743ac52-document.msapp"},"imageUris":[]},"createdTime":"0001-01-01T00:00:00Z","lastModifiedTime":"0001-01-01T00:00:00Z","sharedGroupsCount":0,"sharedUsersCount":0,"icons":{"smallIconUri":"/16297704637272270209/Na44887d6-da41-466c-92a0-30d514a6261e-small.png","mediumIconUri":"/16297704637272270209/Nf729bd0a-2329-48d1-9514-6f7c2323030f-medium.png","largeIconUri":"/16297704637272270209/N9957ba4c-64f7-4754-b955-1640172b400b-large.png","wideIconUri":"/16297704637272270209/Nc53f1329-1e2c-4ee6-b7da-f472d2c6018e-wide.png"},"connectionReferences":{},"databaseReferences":{},"almMode":"Environment","performanceOptimizationEnabled":false,"canConsumeAppPass":true},"isAppComponentLibrary":false,"appType":"ClassicCanvasApp","appComponents":[]}}