{
  "$schema": "https://developer.microsoft.com/json-schemas/spfx/client-side-web-part-manifest.schema.json",
  "id": "769ec7d3-bd0d-4afc-9426-23a0c279acb4",
  "alias": "AdaptiveCardsImageGalleryWebPart",
  "componentType": "WebPart",

  // The "*" signifies that the version should be taken from the package.json
  "version": "*",
  "manifestVersion": 2,

  // If true, the component can only be installed on sites where Custom Script is allowed.
  // Components that allow authors to embed arbitrary script code should set this to true.
  // https://support.office.com/en-us/article/Turn-scripting-capabilities-on-or-off-1f2c515f-5d7e-448a-9fd7-835da935584f
  "requiresCustomScript": false,

  "preconfiguredEntries": [{
    "groupId": "5c03119e-3074-46fd-976b-c60198311f70", // Other
    "group": { "default": "Other" },
    "title": { "default": "Adaptive Cards Image Gallery" },
    "description": { "default": "Image Gallery implemented with Adaptive Cards" },
    "officeFabricIconFontName": "ImageDiff",
    "properties": {
      "description": "AdaptiveCardsImageGallery"
    }
  }]
}
