{"schemaVersion":"1.0","appDefinitionTemplate":{"id":"/providers/Microsoft.PowerApps/apps/","type":"Microsoft.PowerApps/apps","tags":{"primaryDeviceWidth":"640","primaryDeviceHeight":"1136","sienaVersion":"20200413T012552Z-3.20023.8.0","deviceCapabilities":"","supportsPortrait":"true","supportsLandscape":"false","primaryFormFactor":"Phone","publisherVersion":"3.20023.8","minimumRequiredApiVersion":"2.2.0","hasComponent":"false","hasUnlockedComponent":"false"},"properties":{"appVersion":"2020-04-13T01:25:52Z","lifeCycleId":"Published","createdByClientVersion":{"major":3,"minor":20023,"build":8,"revision":0,"majorRevision":0,"minorRevision":0},"minClientVersion":{"major":3,"minor":20023,"build":8,"revision":0,"majorRevision":0,"minorRevision":0},"backgroundColor":"rgba(0, 176, 240, 1)","backgroundImageUri":"/8276887219901824077/N6e67507c-9ad8-46a4-976c-1f715343dbf7-logoSmallFile","displayName":"PWE App V2","description":"","commitMessage":"","appUris":{"documentUri":{"value":"/8276887219901824077/Ndbe463f3-1e3a-4f3c-b8b7-404c9085dbfb-document.msapp","readonlyValue":"/8276887219901824077/Ndbe463f3-1e3a-4f3c-b8b7-404c9085dbfb-document.msapp"},"imageUris":[]},"createdTime":"0001-01-01T00:00:00Z","lastModifiedTime":"0001-01-01T00:00:00Z","sharedGroupsCount":0,"sharedUsersCount":0,"icons":{"smallIconUri":"/8276887219901824077/N85659a4a-16b8-4783-8cf1-75c45a6869c2-small.png","mediumIconUri":"/8276887219901824077/N74a4978f-d18a-45e3-b555-852d8a38c6bf-medium.png","largeIconUri":"/8276887219901824077/Nd7ab5046-298a-40dd-a739-1ac3a4851e97-large.png","wideIconUri":"/8276887219901824077/N503a45cd-2e9e-4727-a1f5-fe24d2623fd0-wide.png"},"connectionReferences":{"96c69037-bd44-403a-9939-6d8243cf5390":{"id":"339bba1a-f39b-4655-92ce-59b1957a5ef8","displayName":"SharePoint","iconUri":"https://connectoricons-prod.azureedge.net/sharepointonline/icon_1.0.1324.1937.png","dataSources":["PWEList"],"dependencies":[],"dependents":[],"parameterHints":{},"isOnPremiseConnection":false,"bypassConsent":false,"dataSets":{"https://bjsmartsusa.sharepoint.com/sites/Powerapps":{"dataSources":{"PWEList":{"tableName":"51050d6c-95be-4170-b878-3c5930ccc767"}}}},"apiTier":"Standard","isCustomApiConnection":false}},"databaseReferences":{},"almMode":"Solution","performanceOptimizationEnabled":false,"canConsumeAppPass":true},"isAppComponentLibrary":false,"appType":"ClassicCanvasApp","appComponents":[]}}