{"schemaVersion":"1.0","appDefinitionTemplate":{"id":"/providers/Microsoft.PowerApps/apps/","type":"Microsoft.PowerApps/apps","tags":{"minimumRequiredApiVersion":"2.2.0"},"properties":{"appVersion":"2019-08-05T11:05:27Z","lifeCycleId":"Published","createdByClientVersion":{"major":3,"minor":19074,"build":24,"revision":0,"majorRevision":0,"minorRevision":0},"minClientVersion":{"major":3,"minor":19074,"build":24,"revision":0,"majorRevision":0,"minorRevision":0},"backgroundColor":"rgba(0, 99, 177, 1)","backgroundImageUri":"/17724379913409694130/N5a166bde-caed-4d2c-af24-e82088575379-logoSmallFile","displayName":"HELPDESK","description":"APPLICATION THAT ALLOWS TO MANAGE THE TECHNICAL SUPPORT OF THE COMPANY","appUris":{"documentUri":{"value":"/17724379913409694130/Ncb647aeb-35fb-4cc6-990a-8a6f02193f5e-document.msapp","readonlyValue":"/17724379913409694130/Ncb647aeb-35fb-4cc6-990a-8a6f02193f5e-document.msapp"},"imageUris":[]},"createdTime":"0001-01-01T00:00:00Z","lastModifiedTime":"0001-01-01T00:00:00Z","sharedGroupsCount":0,"sharedUsersCount":0,"icons":{"smallIconUri":"/17724379913409694130/N519890cf-c431-471c-8bf7-f70e3140eff4-small.png","mediumIconUri":"/17724379913409694130/Ndd08081a-b66a-49fa-8fd4-a14b8698f187-medium.png","largeIconUri":"/17724379913409694130/N40d29b15-fa4c-4f89-b03d-e07f23824784-large.png","wideIconUri":"/17724379913409694130/N55bf6e1b-2b98-42d4-bdc0-e17ce7f9bb53-wide.png"},"connectionReferences":{"5e0cb8e4-367d-405c-838b-b5a0392fd7aa":{"id":"b476ede2-6c20-4648-be33-6d35e170619a","displayName":"SharePoint","iconUri":"https://connectoricons-prod.azureedge.net/sharepointonline/icon_1.0.1234.1648.png","dataSources":["Consultant by category","Observations","Request support"],"dependencies":[],"dependents":[],"parameterHints":{},"isOnPremiseConnection":false,"bypassConsent":false,"dataSets":{"https://m365x049476.sharepoint.com/sites/SITEINTRANET":{"dataSources":{"Consultant by category":{"tableName":"aaf307cd-22d2-47ad-8493-8dce97c7af85"},"Observations":{"tableName":"55357442-0064-41da-a0de-1b00612f6617"},"Request support":{"tableName":"ef9e032e-cab0-4173-9544-cc23640014ad"}}}},"apiTier":"Standard","isCustomApiConnection":false}},"authorizationReferences":[{"resourceId":"powerbi"}],"databaseReferences":{},"almMode":"Environment"},"appComponents":[]}}