{
  "$schema": "https://developer.microsoft.com/json-schemas/core-build/serve.schema.json",
  "port": 4321,
  "https": true,
  "serveConfigurations": {
    "default": {
      "pageUrl": "https://contoso.sharepoint.com/sites/mySite/SitePages/myPage.aspx",
      "customActions": {
        "f58a0902-c9d8-4cce-bd5e-4da887e21bed": {
          "location": "ClientSideExtension.ApplicationCustomizer",
          "properties": {
            "Top": "Header of the page",
            "Bottom": "Footer of the page"
          }
        }
      }
    },
    "customHeaderFooter": {
      "pageUrl": "https://contoso.sharepoint.com/sites/mySite/SitePages/myPage.aspx",
      "customActions": {
        "f58a0902-c9d8-4cce-bd5e-4da887e21bed": {
          "location": "ClientSideExtension.ApplicationCustomizer",
          "properties": {
            "Top": "Header of the page",
            "Bottom": "Footer of the page"
          }
        }
      }
    }
  }
}
