{"schemaVersion":"1.0","appDefinitionTemplate":{"id":"/providers/Microsoft.PowerApps/apps/","type":"Microsoft.PowerApps/apps","tags":{"minimumRequiredApiVersion":"2.2.0"},"properties":{"appVersion":"2018-08-14T20:44:36Z","lifeCycleId":"Published","createdByClientVersion":{"major":3,"minor":18075,"build":22,"revision":0,"majorRevision":0,"minorRevision":0},"minClientVersion":{"major":3,"minor":18075,"build":22,"revision":0,"majorRevision":0,"minorRevision":0},"backgroundColor":"rgba(12, 193, 169, 1)","backgroundImageUri":"/16840672980251135396/Na65070b3-8848-4a80-a64b-023bd0049ad5-logoSmallFile","displayName":"Contoso Sign In (Progress Indicator App)","description":"","appUris":{"documentUri":{"value":"/16840672980251135396/N37fb86ea-35d2-4440-800a-c17fdd5ff625-document.msapp","readonlyValue":"/16840672980251135396/N37fb86ea-35d2-4440-800a-c17fdd5ff625-document.msapp"},"imageUris":[]},"createdTime":"0001-01-01T00:00:00Z","lastModifiedTime":"0001-01-01T00:00:00Z","sharedGroupsCount":0,"sharedUsersCount":0,"icons":{"smallIconUri":"/16840672980251135396/N65b5e169-2a80-4c8a-97cb-550224b91934-small.png","mediumIconUri":"/16840672980251135396/N416b737d-25a5-4ae8-b35a-08ae908c5205-medium.png","largeIconUri":"/16840672980251135396/Nc5a77137-46f1-4c37-a03b-afe0269d8ff0-large.png","wideIconUri":"/16840672980251135396/Na58883f7-ea40-4190-855b-cf4276ffba46-wide.png"},"connectionReferences":{}}}}