{"name":"e059bf2b-52ed-468a-9ff8-5db8b33b6afa","id":"/providers/Microsoft.Flow/flows/e059bf2b-52ed-468a-9ff8-5db8b33b6afa","type":"Microsoft.Flow/flows","properties":{"apiId":"/providers/Microsoft.PowerApps/apis/shared_logicflows","displayName":"Quality Engineering Check Revisions Flow","definition":{"metadata":{"creator":{"id":"df0aa9b0-2759-4298-8e95-1dc6acb1a153","type":"User","tenantId":"759a1585-2165-4784-9a4c-59cf56dc8a75"},"provisioningMethod":"FromDefinition","failureAlertSubscription":true,"clientLastModifiedTime":"2018-07-26T00:24:41.1106063Z"},"$schema":"https://schema.management.azure.com/providers/Microsoft.Logic/schemas/2016-06-01/workflowdefinition.json#","contentVersion":"1.0.0.0","parameters":{"$connections":{"defaultValue":{},"type":"Object"},"$authentication":{"defaultValue":{},"type":"SecureObject"}},"triggers":{"Recurrence":{"recurrence":{"frequency":"Day","interval":1,"timeZone":"Eastern Standard Time","startTime":"2018-04-01T06:00","schedule":{"hours":[5]}},"type":"Recurrence"}},"actions":{"GetPendingRevisions":{"runAfter":{},"metadata":{"flowSystemMetadata":{"swaggerOperationId":"GetItems"}},"type":"ApiConnection","inputs":{"host":{"api":{"runtimeUrl":"https://flow-apim-msmanaged-na-centralus-01.azure-apim.net/apim/sharepointonline"},"connection":{"name":"@parameters('$connections')['shared_sharepointonline']['connectionId']"}},"method":"get","path":"/datasets/@{encodeURIComponent(encodeURIComponent('https://precastcorp.sharepoint.com/sites/wyman/houston/qa/srqw/data/'))}/tables/@{encodeURIComponent(encodeURIComponent('93dee160-8be5-4ab1-8fe0-192ce05d5f90'))}/items","queries":{"$filter":"Revision_x0020_Status eq 'In Revision'"},"authentication":"@parameters('$authentication')"}},"InitializeVariableWebURL":{"runAfter":{"GetPendingRevisions":["Succeeded"]},"type":"InitializeVariable","inputs":{"variables":[{"name":"WebURL","type":"String","value":"https://precastcorp.sharepoint.com/sites/wyman/houston/qa/srqw"}]}},"InitializeVariableRevisionId":{"runAfter":{"InitializeVariableWebURL":["Succeeded"]},"type":"InitializeVariable","inputs":{"variables":[{"name":"RevisionId","type":"String"}]}},"InitializeVariableRejectComments":{"runAfter":{"InitializeVariableRevisionId":["Succeeded"]},"type":"InitializeVariable","inputs":{"variables":[{"name":"RejectComments","type":"String"}]}},"Apply_to_each":{"foreach":"@body('GetPendingRevisions')?['value']","actions":{"Set_variable":{"runAfter":{},"type":"SetVariable","inputs":{"name":"RevisionId","value":"@{items('Apply_to_each')?['Revision_x0020_Id']}"}},"GetSpecificationFileProperties":{"runAfter":{"Set_variable_2":["Succeeded"]},"metadata":{"flowSystemMetadata":{"swaggerOperationId":"GetFileItem"}},"type":"ApiConnection","inputs":{"host":{"api":{"runtimeUrl":"https://flow-apim-msmanaged-na-centralus-01.azure-apim.net/apim/sharepointonline"},"connection":{"name":"@parameters('$connections')['shared_sharepointonline']['connectionId']"}},"method":"get","path":"/datasets/@{encodeURIComponent(encodeURIComponent('https://precastcorp.sharepoint.com/sites/wyman/houston/qa/srqw/data/'))}/tables/@{encodeURIComponent(encodeURIComponent('47d93881-2967-4e12-93fc-8b1d857511cd'))}/items/@{encodeURIComponent(int(variables('RevisionId')))}/getfileitem","authentication":"@parameters('$authentication')"}},"GetTasksByRevisionId":{"runAfter":{"GetSpecificationFileProperties":["Succeeded"]},"metadata":{"flowSystemMetadata":{"swaggerOperationId":"GetItems"}},"type":"ApiConnection","inputs":{"host":{"api":{"runtimeUrl":"https://flow-apim-msmanaged-na-centralus-01.azure-apim.net/apim/sharepointonline"},"connection":{"name":"@parameters('$connections')['shared_sharepointonline']['connectionId']"}},"method":"get","path":"/datasets/@{encodeURIComponent(encodeURIComponent('https://precastcorp.sharepoint.com/sites/wyman/houston/qa/srqw/data/'))}/tables/@{encodeURIComponent(encodeURIComponent('1cf64664-8fdd-4190-b884-00a04249df84'))}/items","queries":{"$filter":"Revision_x0020_Id eq '@{items('Apply_to_each')?['Revision_x0020_Id']}' and Task_x0020_Status eq 'Pending'"},"authentication":"@parameters('$authentication')"}},"Condition":{"actions":{"GetTasksFilterByStatus":{"runAfter":{},"metadata":{"flowSystemMetadata":{"swaggerOperationId":"GetItems"}},"type":"ApiConnection","inputs":{"host":{"api":{"runtimeUrl":"https://flow-apim-msmanaged-na-centralus-01.azure-apim.net/apim/sharepointonline"},"connection":{"name":"@parameters('$connections')['shared_sharepointonline']['connectionId']"}},"method":"get","path":"/datasets/@{encodeURIComponent(encodeURIComponent('https://precastcorp.sharepoint.com/sites/wyman/houston/qa/srqw/data/'))}/tables/@{encodeURIComponent(encodeURIComponent('1cf64664-8fdd-4190-b884-00a04249df84'))}/items","queries":{"$filter":"Revision_x0020_Id eq '@{items('Apply_to_each')?['Revision_x0020_Id']}' and Task_x0020_Status eq 'Reject'"},"authentication":"@parameters('$authentication')"}},"Apply_to_each_2":{"foreach":"@body('GetTasksFilterByStatus')?['value']","actions":{"Append_to_string_variable":{"runAfter":{},"type":"AppendToStringVariable","inputs":{"name":"RejectComments","value":"@items('Apply_to_each_2')?['Comments']"}},"Condition_2":{"actions":{},"runAfter":{"Append_to_string_variable":["Succeeded"]},"expression":"@empty(body('GetTasksFilterByStatus')?['value'])","type":"If"}},"runAfter":{"GetTasksFilterByStatus":["Succeeded"]},"type":"Foreach"},"Condition_3":{"actions":{"Update_item":{"runAfter":{},"metadata":{"flowSystemMetadata":{"swaggerOperationId":"PatchItem"}},"type":"ApiConnection","inputs":{"host":{"api":{"runtimeUrl":"https://flow-apim-msmanaged-na-centralus-01.azure-apim.net/apim/sharepointonline"},"connection":{"name":"@parameters('$connections')['shared_sharepointonline']['connectionId']"}},"method":"patch","body":{"Title":" @{items('Apply_to_each')?['Specification']} - @{items('Apply_to_each')?['Issue']}","Revision_x0020_Status":{"@@odata.type":"#Microsoft.Azure.Connectors.SharePoint.SPListExpandedReference","Value":"Accepted"},"HasExceptionForm":{"@@odata.type":"#Microsoft.Azure.Connectors.SharePoint.SPListExpandedReference"}},"path":"/datasets/@{encodeURIComponent(encodeURIComponent('https://precastcorp.sharepoint.com/sites/wyman/houston/qa/srqw/data/'))}/tables/@{encodeURIComponent(encodeURIComponent('93dee160-8be5-4ab1-8fe0-192ce05d5f90'))}/items/@{encodeURIComponent(items('Apply_to_each')?['ID'])}","authentication":"@parameters('$authentication')"}},"Create_item":{"runAfter":{"Update_item":["Succeeded"]},"metadata":{"flowSystemMetadata":{"swaggerOperationId":"PostItem"}},"type":"ApiConnection","inputs":{"host":{"api":{"runtimeUrl":"https://flow-apim-msmanaged-na-centralus-01.azure-apim.net/apim/sharepointonline"},"connection":{"name":"@parameters('$connections')['shared_sharepointonline']['connectionId']"}},"method":"post","body":{"Title":" @{items('Apply_to_each')?['Specification']} - @{items('Apply_to_each')?['Issue']}","Revision_x0020_Id":"@items('Apply_to_each')?['Revision_x0020_Id']","Specification":"@items('Apply_to_each')?['Specification']","Issue":"@items('Apply_to_each')?['Issue']","Revision_x0020_Date_x0020_Create":"@body('GetSpecificationFileProperties')?['Created']","Implemented":{"@@odata.type":"#Microsoft.Azure.Connectors.SharePoint.SPListExpandedReference","Value":"No"}},"path":"/datasets/@{encodeURIComponent(encodeURIComponent('https://precastcorp.sharepoint.com/sites/wyman/houston/qa/srqw/data/'))}/tables/@{encodeURIComponent(encodeURIComponent('9a1f1662-341a-4840-b2b0-a756413ae810'))}/items","authentication":"@parameters('$authentication')"}},"Send_an_email":{"runAfter":{"Create_item":["Succeeded"]},"metadata":{"flowSystemMetadata":{"swaggerOperationId":"SendEmail"}},"type":"ApiConnection","inputs":{"host":{"api":{"runtimeUrl":"https://flow-apim-msmanaged-na-eastus2-01.azure-apim.net/apim/office365"},"connection":{"name":"@parameters('$connections')['shared_office365']['connectionId']"}},"method":"post","body":{"To":"@{body('GetSpecificationFileProperties')?['Author']['Email']};","Subject":"The following Specification @{items('Apply_to_each')?['Specification']}  - @{items('Apply_to_each')?['Issue']} has been APPROVED","Body":"<H4>Spec: @{items('Apply_to_each')?['Specification']}</H4><BR> \n<H4>Rev.: @{items('Apply_to_each')?['Issue']}</H4><BR><BR>\n<H4>The review process of the referenced specification is now complete and ready for implementation. Prior to implementing the referenced specification you shall review all comments from the reviewees and create an exception form (if required). </H4><BR><BR>\n\n<H4>Use the <A HREF=\"@{body('GetSpecificationFileProperties')?['{Link}']}\">link</A> to view the specification and to implement this Specification click <A HREF=\"@{variables('WebURL')}/SitePages/process.aspx?RevisionId=@{items('Apply_to_each')?['Revision_x0020_Id']}\">here</A>.</H4>","Importance":"High","IsHtml":true},"path":"/Mail","authentication":"@parameters('$authentication')"}}},"runAfter":{"Apply_to_each_2":["Succeeded"]},"else":{"actions":{"Update_item_2":{"runAfter":{},"metadata":{"flowSystemMetadata":{"swaggerOperationId":"PatchItem"}},"type":"ApiConnection","inputs":{"host":{"api":{"runtimeUrl":"https://flow-apim-msmanaged-na-centralus-01.azure-apim.net/apim/sharepointonline"},"connection":{"name":"@parameters('$connections')['shared_sharepointonline']['connectionId']"}},"method":"patch","body":{"Title":" @{items('Apply_to_each')?['Specification']} - @{items('Apply_to_each')?['Issue']}","Revision_x0020_Status":{"@@odata.type":"#Microsoft.Azure.Connectors.SharePoint.SPListExpandedReference","Value":"Rejected"},"HasExceptionForm":{"@@odata.type":"#Microsoft.Azure.Connectors.SharePoint.SPListExpandedReference"}},"path":"/datasets/@{encodeURIComponent(encodeURIComponent('https://precastcorp.sharepoint.com/sites/wyman/houston/qa/srqw/data/'))}/tables/@{encodeURIComponent(encodeURIComponent('93dee160-8be5-4ab1-8fe0-192ce05d5f90'))}/items/@{encodeURIComponent(items('Apply_to_each')?['ID'])}","authentication":"@parameters('$authentication')"}},"Apply_to_each_3":{"foreach":"@split(variables('ExternalUsers'), ';')","actions":{"Send_an_email_3":{"runAfter":{},"metadata":{"flowSystemMetadata":{"swaggerOperationId":"SendEmail"}},"type":"ApiConnection","inputs":{"host":{"api":{"runtimeUrl":"https://flow-apim-msmanaged-na-eastus2-01.azure-apim.net/apim/office365"},"connection":{"name":"@parameters('$connections')['shared_office365']['connectionId']"}},"method":"post","body":{"To":"@{items('Apply_to_each_3')};","Subject":"The following Specification @{items('Apply_to_each')?['Specification']} - @{items('Apply_to_each')?['Issue']} has been REJECTED","Body":"<H4>Spec: @{items('Apply_to_each')?['Specification']}</H4><BR> \n<H4>Rev.: @{items('Apply_to_each')?['Issue']}</H4><BR>\n<H4>The referenced specification has been rejected for the following reasons: <BR>\n@{variables('RejectComments')}\n</H4> <BR>\n<H4>Use the <A HREF=\"@{body('GetSpecificationFileProperties')?['{Link}']}\">link</A> to view the specification and to review comments click <A HREF=\"@{variables('WebURL')}/SitePages/tasks.aspx?RevisionId=@{items('Apply_to_each')?['Revision_x0020_Id']}\">here</A>.</H4>","Importance":"High","IsHtml":true},"path":"/Mail","authentication":"@parameters('$authentication')"}}},"runAfter":{"Apply_to_each_4":["Succeeded"]},"type":"Foreach"},"Apply_to_each_4":{"foreach":"@items('Apply_to_each')?['Approvers']","actions":{"Send_an_email_4":{"runAfter":{},"metadata":{"flowSystemMetadata":{"swaggerOperationId":"SendEmail"}},"type":"ApiConnection","inputs":{"host":{"api":{"runtimeUrl":"https://flow-apim-msmanaged-na-eastus2-01.azure-apim.net/apim/office365"},"connection":{"name":"@parameters('$connections')['shared_office365']['connectionId']"}},"method":"post","body":{"To":"@{items('Apply_to_each_4')?['Email']};","Subject":"The following Specification @{items('Apply_to_each')?['Specification']} - @{items('Apply_to_each')?['Issue']} has been REJECTED","Body":"<H4>Spec: @{items('Apply_to_each')?['Specification']}</H4><BR> \n<H4>Rev.: @{items('Apply_to_each')?['Issue']}</H4><BR>\n<H4>The referenced specification has been rejected for the following reasons: <BR>\n@{variables('RejectComments')}\n</H4> <BR>\n<H4>Use the <A HREF=\"@{body('GetSpecificationFileProperties')?['{Link}']}\">link</A> to view the specification and to review comments click <A HREF=\"@{variables('WebURL')}/SitePages/tasks.aspx?RevisionId=@{items('Apply_to_each')?['Revision_x0020_Id']}\">here</A>.</H4>","Importance":"High","IsHtml":true},"path":"/Mail","authentication":"@parameters('$authentication')"}}},"runAfter":{"Send_an_email_2":["Succeeded"]},"type":"Foreach"},"Send_an_email_2":{"runAfter":{"Update_item_2":["Succeeded"]},"metadata":{"flowSystemMetadata":{"swaggerOperationId":"SendEmail"}},"type":"ApiConnection","inputs":{"host":{"api":{"runtimeUrl":"https://flow-apim-msmanaged-na-eastus2-01.azure-apim.net/apim/office365"},"connection":{"name":"@parameters('$connections')['shared_office365']['connectionId']"}},"method":"post","body":{"To":"@{body('GetSpecificationFileProperties')?['Author']?['Email']};","Subject":"The following Specification @{items('Apply_to_each')?['Specification']} - @{items('Apply_to_each')?['Issue']} has been REJECTED","Body":"<H4>Spec: @{items('Apply_to_each')?['Specification']}</H4><BR> \n<H4>Rev.: @{items('Apply_to_each')?['Issue']}</H4><BR>\n<H4>The referenced specification has been rejected for the following reasons: <BR>\n@{variables('RejectComments')}\n</H4> <BR>\n<H4>Use the <A HREF=\"@{body('GetSpecificationFileProperties')?['{Link}']}\">link</A> to view the specification and to review comments click <A HREF=\"@{variables('WebURL')}/SitePages/tasks.aspx?RevisionId=@{items('Apply_to_each')?['Revision_x0020_Id']}\">here</A>.</H4>","Importance":"High","IsHtml":true},"path":"/Mail","authentication":"@parameters('$authentication')"}}}},"expression":"@empty(body('GetTasksFilterByStatus')?['value'])","type":"If"}},"runAfter":{"GetTasksByRevisionId":["Succeeded"]},"expression":"@empty(body('GetTasksByRevisionId')?['value'])","type":"If"},"Set_variable_2":{"runAfter":{"Set_variable":["Succeeded"]},"type":"SetVariable","inputs":{"name":"ExternalUsers","value":"@items('Apply_to_each')?['ExtApprovers']"}}},"runAfter":{"InitializeExternalUsers":["Succeeded"]},"type":"Foreach"},"InitializeExternalUsers":{"runAfter":{"InitializeVariableRejectComments":["Succeeded"]},"type":"InitializeVariable","inputs":{"variables":[{"name":"ExternalUsers","type":"String"}]}}},"outputs":{}},"connectionReferences":{"shared_sharepointonline":{"connectionName":"shared-sharepointonl-0918f1c0-bb60-4950-8ead-c72e173eb0f9","source":"Embedded","id":"/providers/Microsoft.PowerApps/apis/shared_sharepointonline","tier":"NotSpecified"},"shared_office365":{"connectionName":"shared-office365-ad558238-353b-4ae8-8bc2-32a83e1d17b7","source":"Embedded","id":"/providers/Microsoft.PowerApps/apis/shared_office365","tier":"NotSpecified"}},"flowFailureAlertSubscribed":false}}