{"name":"18ced5c1-7fe8-49e4-9f36-2b0952c0f159","id":"/providers/Microsoft.Flow/flows/18ced5c1-7fe8-49e4-9f36-2b0952c0f159","type":"Microsoft.Flow/flows","properties":{"apiId":"/providers/Microsoft.PowerApps/apis/shared_logicflows","displayName":"Quality Engineering Initial Notification Flow","definition":{"metadata":{"creator":{"id":"df0aa9b0-2759-4298-8e95-1dc6acb1a153","type":"User","tenantId":"759a1585-2165-4784-9a4c-59cf56dc8a75"},"provisioningMethod":"FromDefinition","failureAlertSubscription":true,"clientLastModifiedTime":"2018-08-24T00:53:31.6101145Z"},"$schema":"https://schema.management.azure.com/providers/Microsoft.Logic/schemas/2016-06-01/workflowdefinition.json#","contentVersion":"1.0.0.0","parameters":{"$connections":{"defaultValue":{},"type":"Object"},"$authentication":{"defaultValue":{},"type":"SecureObject"}},"triggers":{"RevisionIsCreated":{"recurrence":{"interval":5,"frequency":"Minute"},"splitOn":"@triggerBody()?['value']","metadata":{"flowSystemMetadata":{"swaggerOperationId":"GetOnNewItems"}},"type":"ApiConnection","inputs":{"host":{"api":{"runtimeUrl":"https://flow-apim-msmanaged-na-centralus-01.azure-apim.net/apim/sharepointonline"},"connection":{"name":"@parameters('$connections')['shared_sharepointonline']['connectionId']"}},"method":"get","path":"/datasets/@{encodeURIComponent(encodeURIComponent('https://precastcorp.sharepoint.com/sites/wyman/houston/qa/srqw/data/'))}/tables/@{encodeURIComponent(encodeURIComponent('93dee160-8be5-4ab1-8fe0-192ce05d5f90'))}/onnewitems","authentication":"@parameters('$authentication')"}}},"actions":{"Initialize_variable":{"runAfter":{},"type":"InitializeVariable","inputs":{"variables":[{"name":"WebURL","type":"String","value":"https://precastcorp.sharepoint.com/sites/wyman/houston/qa/srqw"}]}},"GetSpecificationFile":{"runAfter":{"Initialize_variable_4":["Succeeded"]},"metadata":{"flowSystemMetadata":{"swaggerOperationId":"GetFileItem"}},"type":"ApiConnection","inputs":{"host":{"api":{"runtimeUrl":"https://flow-apim-msmanaged-na-centralus-01.azure-apim.net/apim/sharepointonline"},"connection":{"name":"@parameters('$connections')['shared_sharepointonline']['connectionId']"}},"method":"get","path":"/datasets/@{encodeURIComponent(encodeURIComponent('https://precastcorp.sharepoint.com/sites/wyman/houston/qa/srqw/data/'))}/tables/@{encodeURIComponent(encodeURIComponent('47d93881-2967-4e12-93fc-8b1d857511cd'))}/items/@{encodeURIComponent(int(triggerBody()?['Revision_x0020_Id']))}/getfileitem","authentication":"@parameters('$authentication')"}},"Apply_to_each":{"foreach":"@triggerBody()?['Approvers']","actions":{"Send_an_email":{"runAfter":{"Create_item_2":["Succeeded"]},"metadata":{"flowSystemMetadata":{"swaggerOperationId":"SendEmail"}},"type":"ApiConnection","inputs":{"host":{"api":{"runtimeUrl":"https://flow-apim-msmanaged-na-eastus2-01.azure-apim.net/apim/office365"},"connection":{"name":"@parameters('$connections')['shared_office365']['connectionId']"}},"method":"post","body":{"To":"@items('Apply_to_each')?['Email']","Subject":"The following Spec: @{triggerBody()?['Specification']} with Rev: @{triggerBody()?['Issue']} has been submitted  for your Approval","Body":"<H4>The referenced specification is being sent to you for review. It is mandatory that the recipient completes this review within 10 days. If a response isn’t received within the required time frame, a follow up e-mail will be sent. If the specification is Rejected, the Specification Group will notify the reviewer once any issues/concerns have been resolved. <BR><BR>\nUse the <A HREF=\"@{body('GetSpecificationFile')?['{Link}']}\">link</A> to view the specification and accept/reject click <A HREF=\"@{variables('WebURL')}/SitePages/approval.aspx?TaskId=@{body('Create_item_2')?['ID']}&RevisionId=@{triggerBody()?['Revision_x0020_Id']}\">here</A>.</H4> ","IsHtml":true},"path":"/Mail","authentication":"@parameters('$authentication')"}},"Create_item_2":{"runAfter":{},"metadata":{"flowSystemMetadata":{"swaggerOperationId":"PostItem"}},"type":"ApiConnection","inputs":{"host":{"api":{"runtimeUrl":"https://flow-apim-msmanaged-na-centralus-01.azure-apim.net/apim/sharepointonline"},"connection":{"name":"@parameters('$connections')['shared_sharepointonline']['connectionId']"}},"method":"post","body":{"Title":"@{triggerBody()?['Specification']} -  @{triggerBody()?['Issue']} ","Specification":"@triggerBody()?['Specification']","Issue":"@triggerBody()?['Issue']","Task_x0020_Status":{"@@odata.type":"#Microsoft.Azure.Connectors.SharePoint.SPListExpandedReference","Value":"Pending"},"AssignTo":"@items('Apply_to_each')?['DisplayName']","AssignToEmail":"@items('Apply_to_each')?['Email']","Revision_x0020_Id":"@{triggerBody()?['Revision_x0020_Id']}","PersonAssignTo":{"@@odata.type":"#Microsoft.Azure.Connectors.SharePoint.SPListExpandedUser","Claims":"@items('Apply_to_each')?['Claims']"},"IsReprocess":{"@@odata.type":"#Microsoft.Azure.Connectors.SharePoint.SPListExpandedReference","Value":"No"}},"path":"/datasets/@{encodeURIComponent(encodeURIComponent('https://precastcorp.sharepoint.com/sites/wyman/houston/qa/srqw/data/'))}/tables/@{encodeURIComponent(encodeURIComponent('1cf64664-8fdd-4190-b884-00a04249df84'))}/items","authentication":"@parameters('$authentication')"}}},"runAfter":{"GetSpecificationFile":["Succeeded"]},"type":"Foreach"},"Send_an_email_2":{"runAfter":{"GetSpecificationFile":["Failed"]},"metadata":{"flowSystemMetadata":{"swaggerOperationId":"SendEmail"}},"type":"ApiConnection","inputs":{"host":{"api":{"runtimeUrl":"https://flow-apim-msmanaged-na-eastus2-01.azure-apim.net/apim/office365"},"connection":{"name":"@parameters('$connections')['shared_office365']['connectionId']"}},"method":"post","body":{"To":"@{triggerBody()?['Author']['Email']};","Subject":"The following Specification failed to be submiited","Body":"<H4>Specification: @{triggerBody()?['Specification']} </H4><BR>\n<H4>Issue: @{triggerBody()?['Issue']} </H4><BR>\n<H4>Specification above failed to be submitted for Approval </H4>","IsHtml":true},"path":"/Mail","authentication":"@parameters('$authentication')"}},"Initialize_variable_2":{"runAfter":{"Initialize_variable":["Succeeded"]},"type":"InitializeVariable","inputs":{"variables":[{"name":"ExternalUser","type":"String"}]}},"Initialize_variable_3":{"runAfter":{"Initialize_variable_2":["Succeeded"]},"type":"InitializeVariable","inputs":{"variables":[{"name":"TaskId","type":"Integer"}]}},"Initialize_variable_4":{"runAfter":{"Initialize_variable_3":["Succeeded"]},"type":"InitializeVariable","inputs":{"variables":[{"name":"RevisionId","type":"Integer"}]}},"Set_variable":{"runAfter":{"Apply_to_each":["Succeeded"]},"type":"SetVariable","inputs":{"name":"RevisionId","value":"@body('GetSpecificationFile')?['ID']"}},"Condition":{"actions":{},"runAfter":{"Set_variable":["Succeeded"]},"else":{"actions":{"Apply_to_each_2":{"foreach":"@split(triggerBody()?['ExtApprovers'], ';')","actions":{"Send_an_email_3":{"runAfter":{"Apply_to_each_3":["Succeeded"]},"metadata":{"flowSystemMetadata":{"swaggerOperationId":"SendEmail"}},"type":"ApiConnection","inputs":{"host":{"api":{"runtimeUrl":"https://flow-apim-msmanaged-na-eastus2-01.azure-apim.net/apim/office365"},"connection":{"name":"@parameters('$connections')['shared_office365']['connectionId']"}},"method":"post","body":{"To":"@{items('Apply_to_each_2')};","Subject":"The following Spec: @{triggerBody()?['Specification']} with Rev: @{triggerBody()?['Issue']} has been submitted  for your Approval","Body":"<H4>The referenced specification is being sent to you for review. It is mandatory that the recipient completes this review within 10 days. If a response isn’t received within the required time frame a follow up e-mail will be sent. If the specification is Rejected, the Specification Group will notify the reviewer once any issues/concerns have been resolved. Use the <A HREF=\"@{body('GetSpecificationFile')?['{Link}']}\">link</A> to view the specification and accept/reject click <A HREF=\"@{variables('WebURL')}/SitePages/approve.aspx?TaskId=@{variables('TaskId')}&RevisionId=@{variables('RevisionId')}\">here</A>.</H4> ","Importance":"High","IsHtml":true},"path":"/Mail","authentication":"@parameters('$authentication')"}},"Get_Approver":{"runAfter":{},"metadata":{"flowSystemMetadata":{"swaggerOperationId":"GetItems"}},"type":"ApiConnection","inputs":{"host":{"api":{"runtimeUrl":"https://flow-apim-msmanaged-na-centralus-01.azure-apim.net/apim/sharepointonline"},"connection":{"name":"@parameters('$connections')['shared_sharepointonline']['connectionId']"}},"method":"get","path":"/datasets/@{encodeURIComponent(encodeURIComponent('https://precastcorp.sharepoint.com/sites/wyman/houston/qa/srqw/data/'))}/tables/@{encodeURIComponent(encodeURIComponent('9eb29b15-b712-4b50-a8d8-b9d25b764f58'))}/items","queries":{"$filter":"ExternalEmail eq '@{items('Apply_to_each_2')}'"},"authentication":"@parameters('$authentication')"}},"Get_Tasks":{"runAfter":{"Apply_to_each_4":["Succeeded"]},"metadata":{"flowSystemMetadata":{"swaggerOperationId":"GetItems"}},"type":"ApiConnection","inputs":{"host":{"api":{"runtimeUrl":"https://flow-apim-msmanaged-na-centralus-01.azure-apim.net/apim/sharepointonline"},"connection":{"name":"@parameters('$connections')['shared_sharepointonline']['connectionId']"}},"method":"get","path":"/datasets/@{encodeURIComponent(encodeURIComponent('https://precastcorp.sharepoint.com/sites/wyman/houston/qa/srqw/data/'))}/tables/@{encodeURIComponent(encodeURIComponent('1cf64664-8fdd-4190-b884-00a04249df84'))}/items","queries":{"$filter":"Revision_x0020_Id eq @{body('GetSpecificationFile')?['ID']} and AssignTo eq '@{variables('ExternalUser')}'"},"authentication":"@parameters('$authentication')"}},"Apply_to_each_3":{"foreach":"@body('Get_Tasks')?['value']","actions":{"Set_variable_2":{"runAfter":{},"type":"SetVariable","inputs":{"name":"TaskId","value":"@items('Apply_to_each_3')?['ID']"}}},"runAfter":{"Get_Tasks":["Succeeded"]},"type":"Foreach"},"Apply_to_each_4":{"foreach":"@body('Get_Approver')?['value']","actions":{"Set_variable_3":{"runAfter":{},"type":"SetVariable","inputs":{"name":"ExternalUser","value":"@items('Apply_to_each_4')?['Account']?['DisplayName']"}}},"runAfter":{"Get_Approver":["Succeeded"]},"type":"Foreach"}},"runAfter":{},"type":"Foreach"}}},"expression":"@equals(empty(triggerBody()?['ExtApprovers']), True)","type":"If"}},"outputs":{}},"connectionReferences":{"shared_sharepointonline":{"connectionName":"shared-sharepointonl-0918f1c0-bb60-4950-8ead-c72e173eb0f9","source":"Embedded","id":"/providers/Microsoft.PowerApps/apis/shared_sharepointonline","tier":"NotSpecified"},"shared_office365":{"connectionName":"shared-office365-ad558238-353b-4ae8-8bc2-32a83e1d17b7","source":"Embedded","id":"/providers/Microsoft.PowerApps/apis/shared_office365","tier":"NotSpecified"}},"flowFailureAlertSubscribed":false}}