<ImportExportXml version="9.2.21024.161" SolutionPackageVersion="9.2" languagecode="1033" generatedBy="CrmLive" xmlns:xsi="http://www.w3.org/2001/XMLSchema-instance">
  <SolutionManifest>
    <UniqueName>SCDHHSInventoryApplication</UniqueName>
    <LocalizedNames>
      <LocalizedName description="SCDHHS Inventory Application " languagecode="1033" />
    </LocalizedNames>
    <Descriptions />
    <Version>1.0.0.1</Version>
    <Managed>1</Managed>
    <Publisher>
      <UniqueName>scdhhs</UniqueName>
      <LocalizedNames>
        <LocalizedName description="scdhhs" languagecode="1033" />
      </LocalizedNames>
      <Descriptions>
        <Description description="South Carolina Department of Health and Human Services (SCDHHS)" languagecode="1033" />
      </Descriptions>
      <EMailAddress xsi:nil="true"></EMailAddress>
      <SupportingWebsiteUrl xsi:nil="true"></SupportingWebsiteUrl>
      <CustomizationPrefix>scdhhs</CustomizationPrefix>
      <CustomizationOptionValuePrefix>23819</CustomizationOptionValuePrefix>
      <Addresses>
        <Address>
          <AddressNumber>1</AddressNumber>
          <AddressTypeCode>1</AddressTypeCode>
          <City xsi:nil="true"></City>
          <County xsi:nil="true"></County>
          <Country xsi:nil="true"></Country>
          <Fax xsi:nil="true"></Fax>
          <FreightTermsCode xsi:nil="true"></FreightTermsCode>
          <ImportSequenceNumber xsi:nil="true"></ImportSequenceNumber>
          <Latitude xsi:nil="true"></Latitude>
          <Line1 xsi:nil="true"></Line1>
          <Line2 xsi:nil="true"></Line2>
          <Line3 xsi:nil="true"></Line3>
          <Longitude xsi:nil="true"></Longitude>
          <Name xsi:nil="true"></Name>
          <PostalCode xsi:nil="true"></PostalCode>
          <PostOfficeBox xsi:nil="true"></PostOfficeBox>
          <PrimaryContactName xsi:nil="true"></PrimaryContactName>
          <ShippingMethodCode>1</ShippingMethodCode>
          <StateOrProvince xsi:nil="true"></StateOrProvince>
          <Telephone1 xsi:nil="true"></Telephone1>
          <Telephone2 xsi:nil="true"></Telephone2>
          <Telephone3 xsi:nil="true"></Telephone3>
          <TimeZoneRuleVersionNumber xsi:nil="true"></TimeZoneRuleVersionNumber>
          <UPSZone xsi:nil="true"></UPSZone>
          <UTCOffset xsi:nil="true"></UTCOffset>
          <UTCConversionTimeZoneCode xsi:nil="true"></UTCConversionTimeZoneCode>
        </Address>
        <Address>
          <AddressNumber>2</AddressNumber>
          <AddressTypeCode>1</AddressTypeCode>
          <City xsi:nil="true"></City>
          <County xsi:nil="true"></County>
          <Country xsi:nil="true"></Country>
          <Fax xsi:nil="true"></Fax>
          <FreightTermsCode xsi:nil="true"></FreightTermsCode>
          <ImportSequenceNumber xsi:nil="true"></ImportSequenceNumber>
          <Latitude xsi:nil="true"></Latitude>
          <Line1 xsi:nil="true"></Line1>
          <Line2 xsi:nil="true"></Line2>
          <Line3 xsi:nil="true"></Line3>
          <Longitude xsi:nil="true"></Longitude>
          <Name xsi:nil="true"></Name>
          <PostalCode xsi:nil="true"></PostalCode>
          <PostOfficeBox xsi:nil="true"></PostOfficeBox>
          <PrimaryContactName xsi:nil="true"></PrimaryContactName>
          <ShippingMethodCode>1</ShippingMethodCode>
          <StateOrProvince xsi:nil="true"></StateOrProvince>
          <Telephone1 xsi:nil="true"></Telephone1>
          <Telephone2 xsi:nil="true"></Telephone2>
          <Telephone3 xsi:nil="true"></Telephone3>
          <TimeZoneRuleVersionNumber xsi:nil="true"></TimeZoneRuleVersionNumber>
          <UPSZone xsi:nil="true"></UPSZone>
          <UTCOffset xsi:nil="true"></UTCOffset>
          <UTCConversionTimeZoneCode xsi:nil="true"></UTCConversionTimeZoneCode>
        </Address>
      </Addresses>
    </Publisher>
    <RootComponents>
      <RootComponent type="1" schemaName="scdhhs_furniture" behavior="0" />
      <RootComponent type="1" schemaName="scdhhs_furnituredeliver" behavior="0" />
      <RootComponent type="1" schemaName="scdhhs_furnitureinventoryreceipt" behavior="0" />
      <RootComponent type="1" schemaName="scdhhs_furnituretransfer" behavior="0" />
      <RootComponent type="1" schemaName="scdhhs_furnituretransferreceipt" behavior="0" />
      <RootComponent type="1" schemaName="scdhhs_inventoryreceipt" behavior="0" />
      <RootComponent type="1" schemaName="scdhhs_inventorysupply" behavior="0" />
      <RootComponent type="1" schemaName="scdhhs_supply" behavior="0" />
      <RootComponent type="1" schemaName="scdhhs_supplytransferreceipt" behavior="0" />
      <RootComponent type="1" schemaName="scdhhs_transfersupply" behavior="0" />
      <RootComponent type="9" schemaName="scdhhs_supplytype" behavior="0" />
      <RootComponent type="29" id="{27445e36-3396-eb11-b1ac-001dd804a602}" behavior="0" />
      <RootComponent type="29" id="{90d411d3-4e95-eb11-a812-001dd8049379}" behavior="0" />
      <RootComponent type="29" id="{97ffeea7-3796-eb11-b1ac-001dd804a502}" behavior="0" />
      <RootComponent type="29" id="{b41d2e53-4795-eb11-a812-001dd8049379}" behavior="0" />
      <RootComponent type="60" id="{0effe128-ae74-459f-bd59-5e41cd1404e5}" behavior="0" />
      <RootComponent type="60" id="{190d3b1a-5a0d-4888-9128-ef0aa67dd517}" behavior="0" />
      <RootComponent type="60" id="{4a2040da-7f98-4a1b-8d6e-76e95a22211d}" behavior="0" />
      <RootComponent type="60" id="{63741930-863b-4d4c-8cc0-698c9e29e2fd}" behavior="0" />
      <RootComponent type="60" id="{70ea5f68-c792-4a14-af9f-5e25e80e041f}" behavior="0" />
      <RootComponent type="60" id="{84cc59fd-8ae2-48cd-9903-c377132f14dc}" behavior="0" />
      <RootComponent type="60" id="{ce18418a-967b-4218-aa80-6ab811314e42}" behavior="0" />
      <RootComponent type="60" id="{db2e636b-efe0-4bd8-877b-08b086610e39}" behavior="0" />
      <RootComponent type="60" id="{e743e549-f170-4d63-8ca2-63d8101190ed}" behavior="0" />
      <RootComponent type="60" id="{f3f815ef-2784-450f-9a31-679373c732cb}" behavior="0" />
      <RootComponent type="61" schemaName="scdhhs_inventory_management" behavior="0" />
      <RootComponent type="61" schemaName="scdhhs_welcome_page" behavior="0" />
      <RootComponent type="62" schemaName="scdhhs_SCDHHSInventoryApplication" behavior="0" />
      <RootComponent type="80" schemaName="scdhhs_SCDHHSInventoryApplication" behavior="0" />
    </RootComponents>
    <MissingDependencies>
      <MissingDependency>
        <Required key="0" type="61" schemaName="msdyn_/Images/AppModule_Default_Icon.png" displayName="msdyn_/Images/AppModule_Default_Icon.png" solution="AppModuleWebResources (2.5)" />
        <Dependent key="1" type="80" schemaName="scdhhs_SCDHHSInventoryApplication" displayName="SCDHHS Inventory Application" />
      </MissingDependency>
    </MissingDependencies>
  </SolutionManifest>
</ImportExportXml>