{"id":"0172ff63-158d-44b5-aa23-99e72a812c02","alias":"TeamsTabWebPart","componentType":"WebPart","version":"0.0.1","manifestVersion":2,"requiresCustomScript":false,"supportedHosts":["SharePointWebPart","TeamsTab"],"preconfiguredEntries":[{"groupId":"5c03119e-3074-46fd-976b-c60198311f70","group":{"default":"Other"},"title":{"default":"TeamsTab"},"description":{"default":"First teams tab"},"officeFabricIconFontName":"Page","properties":{"description":"TeamsTab"}}],"loaderConfig":{"entryModuleId":"teams-tab-web-part","internalModuleBaseUrls":["<!-- PATH TO CDN -->/"],"scriptResources":{"teams-tab-web-part":{"type":"path","path":"teams-tab-web-part_c1a354febe7c1a7f7dda4f60a89d5ee3.js"},"TeamsTabWebPartStrings":{"defaultPath":"spfx-teams-tab-teamstabwebpartstrings_en-us_536e65149b0acf4d52c0043073b9fc59.js","type":"localizedPath","paths":{}},"@microsoft/sp-core-library":{"type":"component","version":"1.8.0","id":"7263c7d0-1d6a-45ec-8d85-d4d1d234171b"},"@microsoft/sp-webpart-base":{"type":"component","version":"1.8.0","id":"974a7777-0990-4136-8fa6-95d80114c2e0"},"@microsoft/sp-property-pane":{"type":"component","version":"1.8.0","id":"f9e737b7-f0df-4597-ba8c-3060f82380db"},"@microsoft/sp-lodash-subset":{"type":"component","version":"1.8.0","id":"73e1dc6c-8441-42cc-ad47-4bd3659f8a3a"}}}}