<List xmlns:ows="Microsoft SharePoint" Title="Image Gallery" EnableContentTypes="TRUE" FolderCreation="FALSE" Direction="$Resources:Direction;" Url="Lists/ImageGallery" BaseType="0" xmlns="http://schemas.microsoft.com/sharepoint/">
 <MetaData>   
   <Fields>
    <Field ID="{e6954092-6678-4538-b809-cf9065480a5d}" Type="URL" DisplayName="Image Link" Required="TRUE" Format="Hyperlink" Title="ImageLink" StaticName="ImageLink" Name="ImageLink" ColName="nvarchar4" RowOrdinal="0" ColName2="nvarchar5" RowOrdinal2="0" CustomFormatter="" EnforceUniqueValues="FALSE" Indexed="FALSE" Version="1" />
    <Field ID="{3e142196-f3dc-49f1-8147-c7d8b05775d0}" Type="URL" DisplayName="Navigation URL" Required="TRUE" EnforceUniqueValues="FALSE" Indexed="FALSE" Format="Hyperlink" StaticName="NavigationURL" Name="NavigationURL" ColName="nvarchar6" RowOrdinal="0" ColName2="nvarchar7" RowOrdinal2="0" CustomFormatter="" Version="1" />
    <Field ID="{8e328744-f48d-4981-8720-d4efa4730f0e}" Type="Number" DisplayName="Sort Order" Required="TRUE" EnforceUniqueValues="FALSE" Indexed="FALSE" StaticName="SortOrder" Name="SortOrder" ColName="float1" RowOrdinal="0" />
   </Fields>
   <Views>
     <View BaseViewID="1" Type="HTML" WebPartZoneID="Main" DisplayName="$Resources:core,objectiv_schema_mwsidcamlidC24;" DefaultView="TRUE" MobileView="TRUE" MobileDefaultView="TRUE" SetupPath="pages\viewpage.aspx" ImageUrl="/_layouts/images/generic.png" Url="AllItems.aspx">
       <XslLink Default="TRUE">main.xsl</XslLink>
       <JSLink>clienttemplates.js</JSLink>
       <RowLimit Paged="TRUE">30</RowLimit>
       <Toolbar Type="Standard" />
       <ViewFields>
         <FieldRef Name="SortOrder"></FieldRef>
         <FieldRef Name="LinkTitle"></FieldRef>
         <FieldRef Name="ImageLink"></FieldRef>
         <FieldRef Name="NavigationURL"></FieldRef>         
       </ViewFields>
       <Query>
         <OrderBy>
           <FieldRef Name="SortOrder" />
         </OrderBy>
       </Query>
     </View>
   </Views>
   <Forms>
     <Form Type="DisplayForm" Url="DispForm.aspx" SetupPath="pages\form.aspx" WebPartZoneID="Main" />
     <Form Type="EditForm" Url="EditForm.aspx" SetupPath="pages\form.aspx" WebPartZoneID="Main" />
     <Form Type="NewForm" Url="NewForm.aspx" SetupPath="pages\form.aspx" WebPartZoneID="Main" />
   </Forms>
 </MetaData>
</List>