{
  "$schema": "https://developer.microsoft.com/json-schemas/spfx-build/package-solution.schema.json",
  "solution": {
    "name": "spfx-extensions-listviewcommandset-client-side-solution",
    "id": "a6efec21-0e41-4df7-b412-7eee499e01b6",
    "version": "1.0.0.0",
    "includeClientSideAssets": true,
    "features": [
      {
        "title": "Application Extension - Deployment of custom action.",
        "description": "Deploys a custom action with ClientSideComponentId association",
        "id": "a753eee5-ace9-4927-b396-08f340a0d1a9",
        "version": "1.0.0.0",
        "assets": {
          "elementManifests": [
            "elements.xml",
            "clientsideinstance.xml"
          ]
        }
      }
    ]
  },
  "paths": {
    "zippedPackage": "solution/spfx-extensions-listviewcommandset.sppkg"
  }
}
