{
  "$schema": "https://developer.microsoft.com/json-schemas/spfx-build/package-solution.schema.json",
  "solution": {
    "name": "spfx-call-secure-azure-function-client-side-solution",
    "id": "54da8bb1-cbe1-45b9-9b89-18ddd60f4b6f",
    "version": "1.0.0.0",
    "includeClientSideAssets": true,
    "isDomainIsolated": false,
    "webApiPermissionRequests": [
      {
        "resource": "Secure API for SPFx",
        "scope": "user_impersonation"
      },
      {
        "resource": "Windows Azure Active Directory",
        "scope": "User.Read"
      }
    ]
  },
  "paths": {
    "zippedPackage": "solution/spfx-call-secure-azure-function.sppkg"
  }
}
