{"name":"22cdd484-8840-44e5-b3ec-0f61f84cccdd","id":"/providers/Microsoft.Flow/flows/22cdd484-8840-44e5-b3ec-0f61f84cccdd","type":"Microsoft.Flow/flows","properties":{"apiId":"/providers/Microsoft.PowerApps/apis/shared_logicflows","displayName":"Flow Helpdesk","definition":{"metadata":{"workflowEntityId":null,"creator":{"id":"69a4da93-60f8-4c13-a2f6-329e4629c135","type":"User","tenantId":"dc0a858d-3eb9-4cf5-bad5-2aba18b3ab54"},"provisioningMethod":"FromDefinition","failureAlertSubscription":true,"clientLastModifiedTime":"2019-07-31T10:33:09.7610474Z"},"$schema":"https://schema.management.azure.com/providers/Microsoft.Logic/schemas/2016-06-01/workflowdefinition.json#","contentVersion":"1.0.0.0","parameters":{"$connections":{"defaultValue":{},"type":"Object"},"$authentication":{"defaultValue":{},"type":"SecureObject"}},"triggers":{"When_an_item_is_created":{"recurrence":{"interval":5,"frequency":"Minute"},"splitOn":"@triggerBody()?['value']","metadata":{"flowSystemMetadata":{"swaggerOperationId":"GetOnNewItems"}},"type":"ApiConnection","inputs":{"host":{"connection":{"name":"@parameters('$connections')['shared_sharepointonline']['connectionId']"},"api":{"runtimeUrl":"https://brazil-001.azure-apim.net/apim/sharepointonline"}},"method":"get","path":"/datasets/@{encodeURIComponent(encodeURIComponent('https://m365x049476.sharepoint.com/sites/SITEINTRANET'))}/tables/@{encodeURIComponent(encodeURIComponent('ef9e032e-cab0-4173-9544-cc23640014ad'))}/onnewitems","authentication":"@parameters('$authentication')"}}},"actions":{"Send_an_email":{"runAfter":{},"metadata":{"flowSystemMetadata":{"swaggerOperationId":"SendEmail"}},"type":"ApiConnection","inputs":{"host":{"connection":{"name":"@parameters('$connections')['shared_office365']['connectionId']"},"api":{"runtimeUrl":"https://brazil-001.azure-apim.net/apim/office365"}},"method":"post","body":{"To":"@{triggerBody()?['Author']?['Email']};","Subject":"Your ticket has been created successfully  @{triggerBody()?['ID']}","Body":"Hi @{triggerBody()?['Author']?['DisplayName']} , Your support was successfully!\n\nDate: @{triggerBody()?['Created']}\nPriority: @{triggerBody()?['Priority']?['Value']}\nStatus: @{triggerBody()?['status']?['Value']}\nCategory: @{triggerBody()?['category']?['Value']}\nObservation: \n@{triggerBody()?['observation']}\nYour ticket will be attended by support staff."},"path":"/Mail","authentication":"@parameters('$authentication')"}},"Get_items":{"runAfter":{"Send_an_email":["Succeeded"]},"metadata":{"flowSystemMetadata":{"swaggerOperationId":"GetItems"}},"type":"ApiConnection","inputs":{"host":{"connection":{"name":"@parameters('$connections')['shared_sharepointonline']['connectionId']"},"api":{"runtimeUrl":"https://brazil-001.azure-apim.net/apim/sharepointonline"}},"method":"get","path":"/datasets/@{encodeURIComponent(encodeURIComponent('https://m365x049476.sharepoint.com/sites/SITEINTRANET'))}/tables/@{encodeURIComponent(encodeURIComponent('aaf307cd-22d2-47ad-8493-8dce97c7af85'))}/items","queries":{"$filter":"Category eq '@{triggerBody()?['category']?['Value']}'"},"authentication":"@parameters('$authentication')"}},"Apply_to_each":{"foreach":"@body('Get_items')?['value']","actions":{"Send_an_email_2":{"runAfter":{},"metadata":{"flowSystemMetadata":{"swaggerOperationId":"SendEmail"}},"type":"ApiConnection","inputs":{"host":{"connection":{"name":"@parameters('$connections')['shared_office365']['connectionId']"},"api":{"runtimeUrl":"https://brazil-001.azure-apim.net/apim/office365"}},"method":"post","body":{"To":"@{items('Apply_to_each')?['Consultant']?['Email']};","Subject":"There is a new flow with the category  @{triggerBody()?['category']?['Value']}","Body":"Support: @{triggerBody()?['Title']}\nStatus:  @{triggerBody()?['status']?['Value']}\nPriority:  @{triggerBody()?['Priority']?['Value']}\nCategory: @{items('Apply_to_each')?['Category']?['Value']}\nObservation: \n @{triggerBody()?['observation']}\n\n\nPlease check the ticket."},"path":"/Mail","authentication":"@parameters('$authentication')"}}},"runAfter":{"Get_items":["Succeeded"]},"type":"Foreach"}}},"connectionReferences":{"shared_office365":{"connectionName":"cc43ae64895c4830a500adaf2b45b1d2","source":"Embedded","id":"/providers/Microsoft.PowerApps/apis/shared_office365","tier":"NotSpecified"},"shared_sharepointonline":{"connectionName":"cc817578364247c0900d67fce3ab460a","source":"Embedded","id":"/providers/Microsoft.PowerApps/apis/shared_sharepointonline","tier":"NotSpecified"}},"flowFailureAlertSubscribed":false}}