{"name":"da653417-9824-4ce0-a301-21d6e4547248","id":"/providers/Microsoft.Flow/flows/da653417-9824-4ce0-a301-21d6e4547248","type":"Microsoft.Flow/flows","properties":{"apiId":"/providers/Microsoft.PowerApps/apis/shared_logicflows","displayName":"Quality Engineering Reprocess Notification Flow","definition":{"metadata":{"creator":{"id":"df0aa9b0-2759-4298-8e95-1dc6acb1a153","type":"User","tenantId":"759a1585-2165-4784-9a4c-59cf56dc8a75"},"provisioningMethod":"FromDefinition","failureAlertSubscription":true,"clientLastModifiedTime":"2018-08-24T02:29:47.5933592Z"},"$schema":"https://schema.management.azure.com/providers/Microsoft.Logic/schemas/2016-06-01/workflowdefinition.json#","contentVersion":"1.0.0.0","parameters":{"$connections":{"defaultValue":{},"type":"Object"},"$authentication":{"defaultValue":{},"type":"SecureObject"}},"triggers":{"When_an_item_is_created_or_modified":{"recurrence":{"interval":5,"frequency":"Minute"},"splitOn":"@triggerBody()?['value']","metadata":{"flowSystemMetadata":{"swaggerOperationId":"GetOnUpdatedItems"}},"type":"ApiConnection","inputs":{"host":{"api":{"runtimeUrl":"https://flow-apim-msmanaged-na-centralus-01.azure-apim.net/apim/sharepointonline"},"connection":{"name":"@parameters('$connections')['shared_sharepointonline']['connectionId']"}},"method":"get","path":"/datasets/@{encodeURIComponent(encodeURIComponent('https://precastcorp.sharepoint.com/sites/wyman/houston/qa/srqw/data/'))}/tables/@{encodeURIComponent(encodeURIComponent('1cf64664-8fdd-4190-b884-00a04249df84'))}/onupdateditems","authentication":"@parameters('$authentication')"}}},"actions":{"Initialize_variable":{"runAfter":{},"type":"InitializeVariable","inputs":{"variables":[{"name":"WebURL","type":"String","value":"https://precastcorp.sharepoint.com/sites/wyman/houston/qa/srqw"}]}},"Condition":{"actions":{"Get_file_properties":{"runAfter":{},"metadata":{"flowSystemMetadata":{"swaggerOperationId":"GetFileItem"}},"type":"ApiConnection","inputs":{"host":{"api":{"runtimeUrl":"https://flow-apim-msmanaged-na-centralus-01.azure-apim.net/apim/sharepointonline"},"connection":{"name":"@parameters('$connections')['shared_sharepointonline']['connectionId']"}},"method":"get","path":"/datasets/@{encodeURIComponent(encodeURIComponent('https://precastcorp.sharepoint.com/sites/wyman/houston/qa/srqw/data/'))}/tables/@{encodeURIComponent(encodeURIComponent('47d93881-2967-4e12-93fc-8b1d857511cd'))}/items/@{encodeURIComponent(int(triggerBody()?['Revision_x0020_Id']))}/getfileitem","authentication":"@parameters('$authentication')"}},"Get_items":{"runAfter":{"Get_file_properties":["Succeeded"]},"metadata":{"flowSystemMetadata":{"swaggerOperationId":"GetItems"}},"type":"ApiConnection","inputs":{"host":{"api":{"runtimeUrl":"https://flow-apim-msmanaged-na-centralus-01.azure-apim.net/apim/sharepointonline"},"connection":{"name":"@parameters('$connections')['shared_sharepointonline']['connectionId']"}},"method":"get","path":"/datasets/@{encodeURIComponent(encodeURIComponent('https://precastcorp.sharepoint.com/sites/wyman/houston/qa/srqw/data/'))}/tables/@{encodeURIComponent(encodeURIComponent('1cf64664-8fdd-4190-b884-00a04249df84'))}/items","queries":{"$filter":"Revision_x0020_Id eq '@{triggerBody()?['Revision_x0020_Id']}' and Task_x0020_Status eq 'Pending'"},"authentication":"@parameters('$authentication')"}},"Apply_to_each":{"foreach":"@body('Get_items')?['value']","actions":{"Send_an_email":{"runAfter":{},"metadata":{"flowSystemMetadata":{"swaggerOperationId":"SendEmail"}},"type":"ApiConnection","inputs":{"host":{"api":{"runtimeUrl":"https://flow-apim-msmanaged-na-eastus2-01.azure-apim.net/apim/office365"},"connection":{"name":"@parameters('$connections')['shared_office365']['connectionId']"}},"method":"post","body":{"To":"@{items('Apply_to_each')?['AssignToEmail']};","Subject":" @{items('Apply_to_each')?['Specification']} - @{items('Apply_to_each')?['Issue']} has been resubmitted for Approval","Body":"<H4>Spec: @{items('Apply_to_each')?['Specification']}</H4><BR>\n<H4>Rev.: @{items('Apply_to_each')?['Issue']}</H4><BR>\n\n<H4>The referenced specification had previously been rejected and is now being resubmitted for approval. Please review all comments including the comments on the exception form, if applicable. Use the link below to view the specification, exceptions and to accept/reject the specification. </H4><BR>\n\n<H4>Use the <A HREF=\"@{body('Get_file_properties')?['{Link}']}\">link</A> to view the specification and accept/reject click <A HREF=\"@{variables('WebURL')}/SitePages/approval.aspx?TaskId=@{items('Apply_to_each')?['ID']}&RevisionId=@{items('Apply_to_each')?['Revision_x0020_Id']}\">here</A>.</H4> \n\n","Importance":"High","IsHtml":true},"path":"/Mail","authentication":"@parameters('$authentication')"}}},"runAfter":{"Get_items":["Succeeded"]},"type":"Foreach"},"Get_items_2":{"runAfter":{"Apply_to_each":["Succeeded"]},"metadata":{"flowSystemMetadata":{"swaggerOperationId":"GetItems"}},"type":"ApiConnection","inputs":{"host":{"api":{"runtimeUrl":"https://flow-apim-msmanaged-na-centralus-01.azure-apim.net/apim/sharepointonline"},"connection":{"name":"@parameters('$connections')['shared_sharepointonline']['connectionId']"}},"method":"get","path":"/datasets/@{encodeURIComponent(encodeURIComponent('https://precastcorp.sharepoint.com/sites/wyman/houston/qa/srqw/data/'))}/tables/@{encodeURIComponent(encodeURIComponent('93dee160-8be5-4ab1-8fe0-192ce05d5f90'))}/items","queries":{"$filter":"Revision_x0020_Id eq '@{triggerBody()?['Revision_x0020_Id']}'"},"authentication":"@parameters('$authentication')"}},"Apply_to_each_4":{"foreach":"@body('Get_items_2')?['value']","actions":{"Set_variable_2":{"runAfter":{},"type":"SetVariable","inputs":{"name":"ExternalUser","value":"@items('Apply_to_each_4')?['ExtApprovers']"}}},"runAfter":{"Get_items_2":["Succeeded"]},"type":"Foreach"},"Condition_2":{"actions":{},"runAfter":{"Apply_to_each_4":["Succeeded"]},"else":{"actions":{"Apply_to_each_2":{"foreach":"@split(variables('ExternalUser'), ';')","actions":{"Get_items_3":{"runAfter":{},"metadata":{"flowSystemMetadata":{"swaggerOperationId":"GetItems"}},"type":"ApiConnection","inputs":{"host":{"api":{"runtimeUrl":"https://flow-apim-msmanaged-na-centralus-01.azure-apim.net/apim/sharepointonline"},"connection":{"name":"@parameters('$connections')['shared_sharepointonline']['connectionId']"}},"method":"get","path":"/datasets/@{encodeURIComponent(encodeURIComponent('https://precastcorp.sharepoint.com/sites/wyman/houston/qa/srqw/data/'))}/tables/@{encodeURIComponent(encodeURIComponent('9eb29b15-b712-4b50-a8d8-b9d25b764f58'))}/items","queries":{"$filter":"ExternalEmail eq '@{items('Apply_to_each_2')}'"},"authentication":"@parameters('$authentication')"}},"Apply_to_each_3":{"foreach":"@body('Get_items_3')?['value']","actions":{"Set_variable":{"runAfter":{},"type":"SetVariable","inputs":{"name":"ExternalUser","value":"@items('Apply_to_each_3')?['Account']?['DisplayName']"}}},"runAfter":{"Get_items_3":["Succeeded"]},"type":"Foreach"},"Get_items_4":{"runAfter":{"Apply_to_each_3":["Succeeded"]},"metadata":{"flowSystemMetadata":{"swaggerOperationId":"GetItems"}},"type":"ApiConnection","inputs":{"host":{"api":{"runtimeUrl":"https://flow-apim-msmanaged-na-centralus-01.azure-apim.net/apim/sharepointonline"},"connection":{"name":"@parameters('$connections')['shared_sharepointonline']['connectionId']"}},"method":"get","path":"/datasets/@{encodeURIComponent(encodeURIComponent('https://precastcorp.sharepoint.com/sites/wyman/houston/qa/srqw/data/'))}/tables/@{encodeURIComponent(encodeURIComponent('1cf64664-8fdd-4190-b884-00a04249df84'))}/items","queries":{"$filter":"Revision_x0020_Id eq @{triggerBody()?['Revision_x0020_Id']} and AssignTo eq '@{variables('ExternalUser')}'"},"authentication":"@parameters('$authentication')"}},"Apply_to_each_5":{"foreach":"@body('Get_items_4')?['value']","actions":{"Set_variable_3":{"runAfter":{},"type":"SetVariable","inputs":{"name":"TaskId","value":"@items('Apply_to_each_5')?['ID']"}}},"runAfter":{"Get_items_4":["Succeeded"]},"type":"Foreach"},"Send_an_email_2":{"runAfter":{"Apply_to_each_5":["Succeeded"]},"metadata":{"flowSystemMetadata":{"swaggerOperationId":"SendEmail"}},"type":"ApiConnection","inputs":{"host":{"api":{"runtimeUrl":"https://flow-apim-msmanaged-na-eastus2-01.azure-apim.net/apim/office365"},"connection":{"name":"@parameters('$connections')['shared_office365']['connectionId']"}},"method":"post","body":{"To":"@{items('Apply_to_each_2')};","Subject":"@{triggerBody()?['Specification']} - @{triggerBody()?['Issue']} has been resubmitted for Approval","Body":"<H4>Spec: @{triggerBody()?['Specification']}</H4><BR>\n<H4>Rev.: @{triggerBody()?['Issue']}</H4><BR>\n\n<H4>The referenced specification had previously been rejected and is now being resubmitted for approval.  Please review all comments including the comments on the exception form, if applicable. Use the link below to view the specification, exceptions and to accept/reject the specification. </H4><BR>\n\n<H4>Use the <A HREF=\"@{body('Get_file_properties')?['{Link}']}\">link</A> to view the specification and accept/reject click <A HREF=\"@{variables('WebURL')}/SitePages/approval.aspx?TaskId=@{variables('TaskId')}&RevisionId=@{triggerBody()?['Revision_x0020_Id']}\">here</A>.</H4> ","Importance":"High","IsHtml":true},"path":"/Mail","authentication":"@parameters('$authentication')"}}},"runAfter":{},"type":"Foreach"}}},"expression":"@equals(empty(triggerBody()?['ExtApprovers']), True)","type":"If"}},"runAfter":{"Initialize_variable_3":["Succeeded"]},"expression":"@equals(triggerBody()?['IsReprocess']?['Value'], 'Yes')","type":"If"},"Initialize_variable_2":{"runAfter":{"Initialize_variable":["Succeeded"]},"type":"InitializeVariable","inputs":{"variables":[{"name":"TaskId","type":"Integer"}]}},"Initialize_variable_3":{"runAfter":{"Initialize_variable_2":["Succeeded"]},"type":"InitializeVariable","inputs":{"variables":[{"name":"ExternalUser","type":"String"}]}}},"outputs":{}},"connectionReferences":{"shared_sharepointonline":{"connectionName":"shared-sharepointonl-0918f1c0-bb60-4950-8ead-c72e173eb0f9","source":"Embedded","id":"/providers/Microsoft.PowerApps/apis/shared_sharepointonline","tier":"NotSpecified"},"shared_office365":{"connectionName":"shared-office365-ad558238-353b-4ae8-8bc2-32a83e1d17b7","source":"Embedded","id":"/providers/Microsoft.PowerApps/apis/shared_office365","tier":"NotSpecified"}},"flowFailureAlertSubscribed":false}}