{
  "rules": {
    "class-name": true,
    "comment-format": [
      true,
      "check-space"
    ],
    "curly": true,
    "eofline": false,
    "export-name": true,
    "forin": true,
    "indent": [
      true,
      "spaces",
      2
    ],
    "interface-name": true,
    "label-position": true,
    "max-line-length": [
      true,
      120
    ],
    "member-access": true,
    "member-ordering": [
      true,
      "public-before-private",
      "static-before-instance",
      "variables-before-functions"
    ],
    "missing-optional-annotation": true,
    "no-arg": true,
    "no-any": true,
    "no-bitwise": true,
    "no-consecutive-blank-lines": true,
    "no-console": [
      true,
      "debug",
      "info",
      "time",
      "timeEnd",
      "trace"
    ],
    "no-constant-condition": true,
    "no-construct": true,
    "no-debugger": true,
    "no-duplicate-case": true,
    "no-duplicate-parameter-names": true,
    "no-duplicate-variable": true,
    "no-empty": true,
    "no-eval": true,
    "no-function-expression": true,
    "no-inferrable-types": false,
    "no-internal-module": true,
    "no-null-keyword": true,
    "no-shadowed-variable": true,
    "no-string-literal": true,
    "no-switch-case-fall-through": true,
    "no-trailing-whitespace": true,
    "no-unnecessary-semicolons": true,
    "no-unused-expression": true,
    "no-unused-imports": true,
    "no-use-before-declare": true,
    "no-with-statement": true,
    "no-var-keyword": true,
    "object-literal-sort-keys": false,
    "one-line": [
      true,
      "check-open-brace",
      "check-catch",
      "check-else",
      "check-whitespace"
    ],
    "quotemark": [
      true,
      "single",
      "avoid-escape"
    ],
    "prefer-const": true,
    "radix": true,
    "semicolon": true,
    "trailing-comma": [
      true,
      {
        "multiline": "never",
        "singleline": "never"
      }
    ],
    "triple-equals": [
      true,
      "allow-null-check"
    ],
    "typedef": [
      true,
      "call-signature",
      "parameter",
      "property-declaration",
      "variable-declaration",
      "member-variable-declaration"
    ],
    "typedef-whitespace": [
      true,
      {
        "call-signature": "nospace",
        "index-signature": "nospace",
        "parameter": "nospace",
        "property-declaration": "nospace",
        "variable-declaration": "nospace"
      }
    ],
    "use-isnan": true,
    "use-named-parameter": true,
    "valid-typeof": true,
    "variable-name": [
      true,
      "check-format",
      "allow-leading-underscore",
      "ban-keywords"
    ],
    "whitespace": [
      true,
      "check-branch",
      "check-decl",
      "check-operator",
      "check-separator",
      "check-type"
    ],
    "react-a11y-aria-unsupported-elements": true,
    "react-a11y-event-has-role": true,
    "react-a11y-image-button-has-alt": true,
    "react-a11y-img-has-alt": true,
    "react-a11y-lang": true,
    "react-a11y-anchors": false,
    "react-a11y-meta": true,
    "react-a11y-props": true,
    "react-a11y-proptypes": true,
    "react-a11y-role-has-required-aria-props": true,
    "react-a11y-role-supports-aria-props": true,
    "react-a11y-role": true,
    "react-a11y-tabindex-no-positive": true,
    "react-a11y-titles": true
  }
}