{"id":"66f3b011-788f-415b-90dc-f50360d33eef","alias":"HelloSp2019WebPart","componentType":"WebPart","version":"0.0.1","manifestVersion":2,"requiresCustomScript":false,"preconfiguredEntries":[{"groupId":"5c03119e-3074-46fd-976b-c60198311f70","group":{"default":"Other"},"title":{"default":"HelloSP2019"},"description":{"default":"SP2019 development with SPFx"},"officeFabricIconFontName":"Page","properties":{"description":"HelloSP2019"}}],"loaderConfig":{"entryModuleId":"hello-sp-2019-web-part","internalModuleBaseUrls":["<!-- PATH TO CDN -->/"],"scriptResources":{"hello-sp-2019-web-part":{"type":"path","path":"hello-sp-2019-web-part_1eec5673e647bc4c6336f360786abbf4.js"},"HelloSp2019WebPartStrings":{"defaultPath":"spfx-sp2019-onprem-hellosp2019webpartstrings_en-us_536e65149b0acf4d52c0043073b9fc59.js","type":"localizedPath","paths":{}},"react":{"type":"component","version":"15.6.2","id":"0d910c1c-13b9-4e1c-9aa4-b008c5e42d7d"},"react-dom":{"type":"component","version":"15.6.2","id":"aa0a46ec-1505-43cd-a44a-93f3a5aa460a"},"@microsoft/sp-core-library":{"type":"component","version":"1.4.1","id":"7263c7d0-1d6a-45ec-8d85-d4d1d234171b"},"@microsoft/sp-webpart-base":{"type":"component","version":"1.4.1","id":"974a7777-0990-4136-8fa6-95d80114c2e0"},"@microsoft/sp-lodash-subset":{"type":"component","version":"1.4.1","id":"73e1dc6c-8441-42cc-ad47-4bd3659f8a3a"}}}}