{"id":"a925e124-f0f8-4a26-a797-d384046cf5a7","alias":"HelloWorldWebPart","componentType":"WebPart","version":"0.0.1","manifestVersion":2,"requiresCustomScript":false,"preconfiguredEntries":[{"groupId":"5c03119e-3074-46fd-976b-c60198311f70","group":{"default":"Other"},"title":{"default":"HelloWorld"},"description":{"default":"HelloWorld description"},"officeFabricIconFontName":"Page","properties":{"description":"HelloWorld"}}],"loaderConfig":{"entryModuleId":"hello-world-web-part","internalModuleBaseUrls":["https://spfxazurecdn.azureedge.net/spfxcontainer/"],"scriptResources":{"hello-world-web-part":{"type":"path","path":"hello-world-web-part_3b7012ac8fd38f96979db607d3f919d4.js"},"HelloWorldWebPartStrings":{"defaultPath":"spfx-helloworld-helloworldwebpartstrings_en-us_536e65149b0acf4d52c0043073b9fc59.js","type":"localizedPath","paths":{}},"@microsoft/sp-core-library":{"type":"component","version":"1.5.1","id":"7263c7d0-1d6a-45ec-8d85-d4d1d234171b"},"@microsoft/sp-webpart-base":{"type":"component","version":"1.5.1","id":"974a7777-0990-4136-8fa6-95d80114c2e0"},"@microsoft/sp-lodash-subset":{"type":"component","version":"1.5.1","id":"73e1dc6c-8441-42cc-ad47-4bd3659f8a3a"}}}}