{"name":"95e16028-1ae3-4c57-acde-3ad96de7a64c","id":"/providers/Microsoft.Flow/flows/95e16028-1ae3-4c57-acde-3ad96de7a64c","type":"Microsoft.Flow/flows","properties":{"apiId":"/providers/Microsoft.PowerApps/apis/shared_logicflows","displayName":"Quality Engineering Implementation Notification Flow","definition":{"metadata":{"creator":{"id":"df0aa9b0-2759-4298-8e95-1dc6acb1a153","type":"User","tenantId":"759a1585-2165-4784-9a4c-59cf56dc8a75"},"provisioningMethod":"FromDefinition","failureAlertSubscription":true,"clientLastModifiedTime":"2018-08-31T10:32:25.6054649Z"},"$schema":"https://schema.management.azure.com/providers/Microsoft.Logic/schemas/2016-06-01/workflowdefinition.json#","contentVersion":"1.0.0.0","parameters":{"$connections":{"defaultValue":{},"type":"Object"},"$authentication":{"defaultValue":{},"type":"SecureObject"}},"triggers":{"When_an_item_is_created_or_modified":{"recurrence":{"interval":5,"frequency":"Minute"},"splitOn":"@triggerBody()?['value']","metadata":{"flowSystemMetadata":{"swaggerOperationId":"GetOnUpdatedItems"}},"type":"ApiConnection","inputs":{"host":{"api":{"runtimeUrl":"https://flow-apim-msmanaged-na-centralus-01.azure-apim.net/apim/sharepointonline"},"connection":{"name":"@parameters('$connections')['shared_sharepointonline']['connectionId']"}},"method":"get","path":"/datasets/@{encodeURIComponent(encodeURIComponent('https://precastcorp.sharepoint.com/sites/wyman/houston/qa/srqw/data/'))}/tables/@{encodeURIComponent(encodeURIComponent('9a1f1662-341a-4840-b2b0-a756413ae810'))}/onupdateditems","authentication":"@parameters('$authentication')"}}},"actions":{"Condition":{"actions":{"Get_items":{"runAfter":{"Set_variable_2":["Succeeded"]},"metadata":{"flowSystemMetadata":{"swaggerOperationId":"GetItems"}},"type":"ApiConnection","inputs":{"host":{"api":{"runtimeUrl":"https://flow-apim-msmanaged-na-centralus-01.azure-apim.net/apim/sharepointonline"},"connection":{"name":"@parameters('$connections')['shared_sharepointonline']['connectionId']"}},"method":"get","path":"/datasets/@{encodeURIComponent(encodeURIComponent('https://precastcorp.sharepoint.com/sites/wyman/houston/qa/srqw/data/'))}/tables/@{encodeURIComponent(encodeURIComponent('93dee160-8be5-4ab1-8fe0-192ce05d5f90'))}/items","queries":{"$filter":"Revision_x0020_Id eq '@{triggerBody()?['Revision_x0020_Id']}'"},"authentication":"@parameters('$authentication')"}},"Apply_to_each_2":{"foreach":"@body('Get_items')?['value']","actions":{"Apply_to_each":{"foreach":"@items('Apply_to_each_2')?['Approvers']","actions":{"Send_an_email":{"runAfter":{},"metadata":{"flowSystemMetadata":{"swaggerOperationId":"SendEmail"}},"type":"ApiConnection","inputs":{"host":{"api":{"runtimeUrl":"https://flow-apim-msmanaged-na-eastus2-01.azure-apim.net/apim/office365"},"connection":{"name":"@parameters('$connections')['shared_office365']['connectionId']"}},"method":"post","body":{"To":"@{items('Apply_to_each')?['Email']};","Subject":"@{items('Apply_to_each_2')?['Specification']} - @{items('Apply_to_each_2')?['Issue']} referenced specification is now complete","Body":"<H4>Spec: @{items('Apply_to_each_2')?['Specification']}</H4> \n<H4>Rev.: @{items('Apply_to_each_2')?['Issue']}</H4><BR> \n\n<H4>The review process for the referenced specification is now complete. See comments referenced below for implementation details.  If there are not any implementation details provided below then this specification shall be consider implemented as of the date referenced on this notification.  See implementation details below:<BR>\n@{variables('IComments')}\n</H4>","Importance":"High","IsHtml":true},"path":"/Mail","authentication":"@parameters('$authentication')"}}},"runAfter":{},"type":"Foreach"},"Set_variable":{"runAfter":{"Apply_to_each":["Succeeded"]},"type":"SetVariable","inputs":{"name":"ExternalApprovers","value":"@items('Apply_to_each_2')?['ExtApprovers']"}},"Condition_2":{"actions":{},"runAfter":{"Set_variable":["Succeeded"]},"else":{"actions":{"Apply_to_each_3":{"foreach":"@split(variables('ExternalApprovers'), ';')","actions":{"Send_an_email_2":{"runAfter":{},"metadata":{"flowSystemMetadata":{"swaggerOperationId":"SendEmail"}},"type":"ApiConnection","inputs":{"host":{"api":{"runtimeUrl":"https://flow-apim-msmanaged-na-eastus2-01.azure-apim.net/apim/office365"},"connection":{"name":"@parameters('$connections')['shared_office365']['connectionId']"}},"method":"post","body":{"To":"@{items('Apply_to_each_3')};","Subject":"@{items('Apply_to_each_2')?['Specification']} - @{items('Apply_to_each_2')?['Issue']} referenced specification is now complete","Body":"<H4>Spec: @{items('Apply_to_each_2')?['Specification']}</H4> \n<H4>Rev.: @{items('Apply_to_each_2')?['Issue']}</H4><BR> \n\n<H4>The review process for the referenced specification is now complete. See comments referenced below for implementation details.  If there are not any implementation details provided below then this specification shall be consider implemented as of the date referenced on this notification.  See implementation details below:<BR>\n@{variables('IComments')}\n</H4>","Importance":"High","IsHtml":true},"path":"/Mail","authentication":"@parameters('$authentication')"}}},"runAfter":{},"type":"Foreach"}}},"expression":"@equals(empty(triggerBody()?['ExtApprovers']), True)","type":"If"}},"runAfter":{"Get_items":["Succeeded"]},"type":"Foreach"},"Set_variable_2":{"runAfter":{},"type":"SetVariable","inputs":{"name":"IComments","value":"@triggerBody()?['Comments']"}}},"runAfter":{"Initialize_variable_2":["Succeeded"]},"expression":"@equals(triggerBody()?['Implemented']?['Value'], 'Yes')","type":"If"},"Initialize_variable":{"runAfter":{},"type":"InitializeVariable","inputs":{"variables":[{"name":"ExternalApprovers","type":"String"}]}},"Initialize_variable_2":{"runAfter":{"Initialize_variable":["Succeeded"]},"type":"InitializeVariable","inputs":{"variables":[{"name":"IComments","type":"String"}]}}},"outputs":{}},"connectionReferences":{"shared_sharepointonline":{"connectionName":"shared-sharepointonl-0918f1c0-bb60-4950-8ead-c72e173eb0f9","source":"Embedded","id":"/providers/Microsoft.PowerApps/apis/shared_sharepointonline","tier":"NotSpecified"},"shared_office365":{"connectionName":"shared-office365-ad558238-353b-4ae8-8bc2-32a83e1d17b7","source":"Embedded","id":"/providers/Microsoft.PowerApps/apis/shared_office365","tier":"NotSpecified"}},"flowFailureAlertSubscribed":false}}