{"name":"5a1ccf79-7e09-44f7-8eff-5d9cefb0d073","id":"/providers/Microsoft.Flow/flows/5a1ccf79-7e09-44f7-8eff-5d9cefb0d073","type":"Microsoft.Flow/flows","properties":{"apiId":"/providers/Microsoft.PowerApps/apis/shared_logicflows","displayName":"PWE New Item Workflow V2","definition":{"metadata":{"workflowEntityId":null,"creator":{"id":"8e0b519c-fce7-4a6f-81bd-568a3eb622c8","type":"User","tenantId":"5633c4c0-9468-447e-9489-fffd4167be22"},"provisioningMethod":"FromDefinition","failureAlertSubscription":true,"clientLastModifiedTime":"2020-05-01T19:33:38.9390334Z"},"$schema":"https://schema.management.azure.com/providers/Microsoft.Logic/schemas/2016-06-01/workflowdefinition.json#","contentVersion":"1.0.0.0","parameters":{"$connections":{"defaultValue":{},"type":"Object"},"$authentication":{"defaultValue":{},"type":"SecureObject"}},"triggers":{"manual":{"type":"Request","kind":"PowerApp","inputs":{"schema":{"type":"object","properties":{"Createitem_Title":{"type":"string","x-ms-powerflows-param-ispartial":false},"Createitem_ExpenseTypeValue":{"type":"string","x-ms-powerflows-param-ispartial":false},"Createitem_EffectiveDate":{"type":"string","format":"date","x-ms-powerflows-param-ispartial":false},"Createitem_Amount":{"type":"number","format":"double","x-ms-powerflows-param-ispartial":false},"Createitem_Notes":{"type":"string","x-ms-powerflows-param-ispartial":false}},"required":["Createitem_Title","Createitem_ExpenseTypeValue","Createitem_EffectiveDate","Createitem_Amount","Createitem_Notes"]}}}},"actions":{"Create_item":{"runAfter":{},"metadata":{"flowSystemMetadata":{"swaggerOperationId":"PostItem"}},"type":"ApiConnection","inputs":{"host":{"connection":{"name":"@json(decodeBase64(triggerOutputs().headers['X-MS-APIM-Tokens']))['$connections']['shared_sharepointonline']['connectionId']"},"api":{"runtimeUrl":"https://unitedstates-002.azure-apim.net/apim/sharepointonline"}},"method":"post","body":{"Title":"@triggerBody()['Createitem_Title']","ExpenseType":{"Value":"@triggerBody()['Createitem_ExpenseTypeValue']"},"EffectiveDate":"@triggerBody()['Createitem_EffectiveDate']","Amount":"@triggerBody()['Createitem_Amount']","Notes":"@triggerBody()['Createitem_Notes']"},"path":"/datasets/@{encodeURIComponent(encodeURIComponent('https://bjsmartsusa.sharepoint.com/sites/powerapps'))}/tables/@{encodeURIComponent(encodeURIComponent('51050d6c-95be-4170-b878-3c5930ccc767'))}/items","authentication":{"type":"Raw","value":"@json(decodeBase64(triggerOutputs().headers['X-MS-APIM-Tokens']))['$ConnectionKey']"}}},"Respond_to_a_PowerApp_or_flow":{"runAfter":{"Create_item":["Succeeded"]},"type":"Response","kind":"PowerApp","inputs":{"statusCode":200,"body":{"returnvalue":"\"Completed\""},"schema":{"type":"object","properties":{"returnvalue":{"title":"ReturnValue","x-ms-dynamically-added":true,"type":"string"}}}}}},"outputs":{},"description":"Create one or more actions to happen when a button or link in PowerApps is selected. To use this flow from a PowerApp, select the control you want to trigger the flow and go to the Action tab in the PowerApps ribbon and select Flows."},"connectionReferences":{"shared_sharepointonline":{"connectionName":"60a173ba081047fc937a2151c3cab717","source":"Invoker","id":"/providers/Microsoft.PowerApps/apis/shared_sharepointonline","tier":"NotSpecified"}},"flowFailureAlertSubscribed":false}}