{"schemaVersion":"1.0","appDefinitionTemplate":{"id":"/providers/Microsoft.PowerApps/apps/","type":"Microsoft.PowerApps/apps","tags":{"primaryDeviceWidth":"640","primaryDeviceHeight":"1136","sienaVersion":"20200419T121250Z-3.20023.8.0","deviceCapabilities":"","supportsPortrait":"true","supportsLandscape":"false","primaryFormFactor":"Phone","publisherVersion":"3.20023.8","minimumRequiredApiVersion":"2.2.0","hasComponent":"false","hasUnlockedComponent":"false"},"properties":{"appVersion":"2020-04-19T12:12:50Z","lifeCycleId":"Published","createdByClientVersion":{"major":3,"minor":20023,"build":8,"revision":0,"majorRevision":0,"minorRevision":0},"minClientVersion":{"major":3,"minor":20023,"build":8,"revision":0,"majorRevision":0,"minorRevision":0},"backgroundColor":"rgba(0, 176, 240, 1)","backgroundImageUri":"/8276887219901824077/N4634fd80-d018-4cff-94f8-570a97a96789-logoSmallFile","displayName":"PWE App V2","description":"","commitMessage":"","appUris":{"documentUri":{"value":"/8276887219901824077/Na87134a9-652f-426f-8edc-e345a163decb-document.msapp","readonlyValue":"/8276887219901824077/Na87134a9-652f-426f-8edc-e345a163decb-document.msapp"},"imageUris":[]},"createdTime":"0001-01-01T00:00:00Z","lastModifiedTime":"0001-01-01T00:00:00Z","sharedGroupsCount":0,"sharedUsersCount":0,"icons":{"smallIconUri":"/8276887219901824077/N979c3106-0eff-489c-a428-5ecaebd27115-small.png","mediumIconUri":"/8276887219901824077/N4ec359c6-ca93-4dab-8b8e-d5f90d9c26f0-medium.png","largeIconUri":"/8276887219901824077/N031a2c53-a500-4489-a7d1-b3165a2e62da-large.png","wideIconUri":"/8276887219901824077/N1255a6ff-2ecd-4127-b6de-cd81e3ec1d6b-wide.png"},"connectionReferences":{"96c69037-bd44-403a-9939-6d8243cf5390":{"id":"339bba1a-f39b-4655-92ce-59b1957a5ef8","displayName":"SharePoint","iconUri":"https://connectoricons-prod.azureedge.net/sharepointonline/icon_1.0.1329.1953.png","dataSources":["PWEList"],"dependencies":[],"dependents":[],"parameterHints":{},"isOnPremiseConnection":false,"bypassConsent":false,"dataSets":{"https://bjsmartsusa.sharepoint.com/sites/Powerapps":{"dataSources":{"PWEList":{"tableName":"51050d6c-95be-4170-b878-3c5930ccc767"}}}},"apiTier":"Standard","isCustomApiConnection":false}},"databaseReferences":{},"almMode":"Solution","performanceOptimizationEnabled":false,"canConsumeAppPass":true},"isAppComponentLibrary":false,"appType":"ClassicCanvasApp","appComponents":[]}}