﻿<?xml version="1.0" encoding="utf-8"?>
<ImportExportXml version="9.1.0.15342" SolutionPackageVersion="9.1" languagecode="1033" generatedBy="CrmLive" xmlns:xsi="http://www.w3.org/2001/XMLSchema-instance">
  <SolutionManifest>
    <UniqueName>COVID19Solution</UniqueName>
    <LocalizedNames>
      <LocalizedName description="Lösung für Reaktion in Notfällen und Krisen" languagecode="1031" />
      <LocalizedName description="Emergency Crisis Response Solution" languagecode="1033" />
      <LocalizedName description="Solution d'intervention en cas d’urgence" languagecode="1036" />
      <LocalizedName description="Soluzione di risposta alle crisi di emergenza" languagecode="1040" />
      <LocalizedName description="緊急時危機対応ソリューション" languagecode="1041" />
      <LocalizedName description="Solução de Resposta à Crise de Emergência" languagecode="1046" />
      <LocalizedName description="Solución de respuesta a la crisis de emergencias" languagecode="3082" />
    </LocalizedNames>
    <Descriptions>
      <Description description="Upgrade auf COVID19-Lösung" languagecode="1031" />
      <Description description="Upgrade of COVID19 Solution" languagecode="1033" />
      <Description description="Mise à niveau de la solution COVID-19" languagecode="1036" />
      <Description description="Aggiornamento della soluzione COVID19" languagecode="1040" />
      <Description description="COVID19 ソリューションのアップグレード" languagecode="1041" />
      <Description description="Atualização da Solução COVID19" languagecode="1046" />
      <Description description="Actualización de la solución COVID19" languagecode="3082" />
    </Descriptions>
    <Version>2.2.1.4</Version>
    <Managed>1</Managed>
    <Publisher>
      <UniqueName>Microsoft</UniqueName>
      <LocalizedNames>
        <LocalizedName description="Microsoft" languagecode="1031" />
        <LocalizedName description="Microsoft" languagecode="1033" />
        <LocalizedName description="Microsoft" languagecode="1036" />
        <LocalizedName description="Microsoft" languagecode="1040" />
        <LocalizedName description="Microsoft" languagecode="1041" />
        <LocalizedName description="Microsoft" languagecode="1046" />
        <LocalizedName description="Microsoft" languagecode="3082" />
      </LocalizedNames>
      <Descriptions />
      <EMailAddress xsi:nil="true"></EMailAddress>
      <SupportingWebsiteUrl xsi:nil="true"></SupportingWebsiteUrl>
      <CustomizationPrefix>msft</CustomizationPrefix>
      <CustomizationOptionValuePrefix>29960</CustomizationOptionValuePrefix>
      <Addresses>
        <Address>
          <AddressNumber>1</AddressNumber>
          <AddressTypeCode>1</AddressTypeCode>
          <City xsi:nil="true"></City>
          <County xsi:nil="true"></County>
          <Country xsi:nil="true"></Country>
          <Fax xsi:nil="true"></Fax>
          <FreightTermsCode xsi:nil="true"></FreightTermsCode>
          <ImportSequenceNumber xsi:nil="true"></ImportSequenceNumber>
          <Latitude xsi:nil="true"></Latitude>
          <Line1 xsi:nil="true"></Line1>
          <Line2 xsi:nil="true"></Line2>
          <Line3 xsi:nil="true"></Line3>
          <Longitude xsi:nil="true"></Longitude>
          <Name xsi:nil="true"></Name>
          <PostalCode xsi:nil="true"></PostalCode>
          <PostOfficeBox xsi:nil="true"></PostOfficeBox>
          <PrimaryContactName xsi:nil="true"></PrimaryContactName>
          <ShippingMethodCode>1</ShippingMethodCode>
          <StateOrProvince xsi:nil="true"></StateOrProvince>
          <Telephone1 xsi:nil="true"></Telephone1>
          <Telephone2 xsi:nil="true"></Telephone2>
          <Telephone3 xsi:nil="true"></Telephone3>
          <TimeZoneRuleVersionNumber xsi:nil="true"></TimeZoneRuleVersionNumber>
          <UPSZone xsi:nil="true"></UPSZone>
          <UTCOffset xsi:nil="true"></UTCOffset>
          <UTCConversionTimeZoneCode xsi:nil="true"></UTCConversionTimeZoneCode>
        </Address>
        <Address>
          <AddressNumber>2</AddressNumber>
          <AddressTypeCode>1</AddressTypeCode>
          <City xsi:nil="true"></City>
          <County xsi:nil="true"></County>
          <Country xsi:nil="true"></Country>
          <Fax xsi:nil="true"></Fax>
          <FreightTermsCode xsi:nil="true"></FreightTermsCode>
          <ImportSequenceNumber xsi:nil="true"></ImportSequenceNumber>
          <Latitude xsi:nil="true"></Latitude>
          <Line1 xsi:nil="true"></Line1>
          <Line2 xsi:nil="true"></Line2>
          <Line3 xsi:nil="true"></Line3>
          <Longitude xsi:nil="true"></Longitude>
          <Name xsi:nil="true"></Name>
          <PostalCode xsi:nil="true"></PostalCode>
          <PostOfficeBox xsi:nil="true"></PostOfficeBox>
          <PrimaryContactName xsi:nil="true"></PrimaryContactName>
          <ShippingMethodCode>1</ShippingMethodCode>
          <StateOrProvince xsi:nil="true"></StateOrProvince>
          <Telephone1 xsi:nil="true"></Telephone1>
          <Telephone2 xsi:nil="true"></Telephone2>
          <Telephone3 xsi:nil="true"></Telephone3>
          <TimeZoneRuleVersionNumber xsi:nil="true"></TimeZoneRuleVersionNumber>
          <UPSZone xsi:nil="true"></UPSZone>
          <UTCOffset xsi:nil="true"></UTCOffset>
          <UTCConversionTimeZoneCode xsi:nil="true"></UTCConversionTimeZoneCode>
        </Address>
      </Addresses>
    </Publisher>
    <RootComponents>
      <RootComponent type="1" schemaName="contact" behavior="1" />
      <RootComponent type="1" schemaName="msft_acuity" behavior="0" />
      <RootComponent type="1" schemaName="msft_app" behavior="0" />
      <RootComponent type="1" schemaName="msft_appconfig" behavior="0" />
      <RootComponent type="1" schemaName="msft_appfeedback" behavior="0" />
      <RootComponent type="1" schemaName="msft_casemanagement" behavior="0" />
      <RootComponent type="1" schemaName="msft_census" behavior="0" />
      <RootComponent type="1" schemaName="msft_covid" behavior="0" />
      <RootComponent type="1" schemaName="msft_covidpatientlog" behavior="0" />
      <RootComponent type="1" schemaName="msft_department" behavior="0" />
      <RootComponent type="1" schemaName="msft_equipmentneeded" behavior="0" />
      <RootComponent type="1" schemaName="msft_facility" behavior="0" />
      <RootComponent type="1" schemaName="msft_facilitydischargeinformation" behavior="0" />
      <RootComponent type="1" schemaName="msft_laborpoolrequest" behavior="0" />
      <RootComponent type="1" schemaName="msft_laborpoolrequestrole" behavior="0" />
      <RootComponent type="1" schemaName="msft_location" behavior="0" />
      <RootComponent type="1" schemaName="msft_region" behavior="0" />
      <RootComponent type="1" schemaName="msft_staffingneeded" behavior="0" />
      <RootComponent type="1" schemaName="msft_staffingtype" behavior="0" />
      <RootComponent type="1" schemaName="msft_supply" behavior="0" />
      <RootComponent type="1" schemaName="msft_supplytracking" behavior="0" />
      <RootComponent type="1" schemaName="msft_system" behavior="0" />
      <RootComponent type="9" schemaName="msft_bedcapacityconstraint" behavior="0" />
      <RootComponent type="9" schemaName="msft_requesttype" behavior="0" />
      <RootComponent type="20" id="{25b14ef8-3667-ea11-a812-000d3a579cb1}" behavior="0" />
      <RootComponent type="20" id="{496d2020-3767-ea11-a812-000d3a579cb1}" behavior="0" />
      <RootComponent type="29" id="{0b14ce27-3079-4f3e-8aff-f0a64b6a96a4}" behavior="0" />
      <RootComponent type="29" id="{0ffd8d18-ad2b-4c6b-9660-adea3a7f56cc}" behavior="0" />
      <RootComponent type="29" id="{34bcd659-f629-494d-9ce5-bfe3d48d6585}" behavior="0" />
      <RootComponent type="29" id="{90f557e9-5b31-47e0-aef0-d3a975d62839}" behavior="0" />
      <RootComponent type="60" id="{0d7df0a7-9e71-4da4-85a8-742700c61e3b}" behavior="0" />
      <RootComponent type="60" id="{12167a8f-b66b-ea11-a811-000d3a363dd3}" behavior="0" />
      <RootComponent type="60" id="{1fed44d1-ae68-4a41-bd2b-f13acac4acfa}" behavior="0" />
      <RootComponent type="60" id="{2fc784b8-8d36-46d8-88fe-27431b8ade3f}" behavior="0" />
      <RootComponent type="60" id="{426807ad-6769-ea11-a812-000d3a579cb1}" behavior="0" />
      <RootComponent type="60" id="{4a277b88-a387-46d5-a2fd-a04a5ae100b7}" behavior="0" />
      <RootComponent type="60" id="{4f6956a4-d7ee-48bd-abe0-6ec6b5dde28a}" behavior="0" />
      <RootComponent type="60" id="{83498be0-0896-4c9b-a57c-0716a751d431}" behavior="0" />
      <RootComponent type="60" id="{93bf1907-ad10-4560-9653-0d86513860a8}" behavior="0" />
      <RootComponent type="60" id="{c9b3f59f-006b-ea11-a811-000d3a363dd3}" behavior="0" />
      <RootComponent type="60" id="{dbaccba2-d66b-ea11-a811-000d3a363dd3}" behavior="0" />
      <RootComponent type="60" id="{dc6701f4-ff6a-ea11-a811-000d3a363dd3}" behavior="0" />
      <RootComponent type="60" id="{e1d49c78-da6b-ea11-a811-000d3a363dd3}" behavior="0" />
      <RootComponent type="60" id="{f20816bf-ee77-497c-9d35-5166aaddf5fc}" behavior="0" />
      <RootComponent type="60" id="{fe50e16c-6307-4616-a4c2-e58d1cd8b758}" behavior="0" />
      <RootComponent type="61" schemaName="msft_acuity16" behavior="0" />
      <RootComponent type="61" schemaName="msft_acuity32" behavior="0" />
      <RootComponent type="61" schemaName="msft_app32" behavior="0" />
      <RootComponent type="61" schemaName="msft_appfeedback16" behavior="0" />
      <RootComponent type="61" schemaName="msft_appfeedback32" behavior="0" />
      <RootComponent type="61" schemaName="msft_apps16" behavior="0" />
      <RootComponent type="61" schemaName="msft_case16" behavior="0" />
      <RootComponent type="61" schemaName="msft_case32" behavior="0" />
      <RootComponent type="61" schemaName="msft_CaseMgt_Icon" behavior="0" />
      <RootComponent type="61" schemaName="msft_census16" behavior="0" />
      <RootComponent type="61" schemaName="msft_census32" behavior="0" />
      <RootComponent type="61" schemaName="msft_config16" behavior="0" />
      <RootComponent type="61" schemaName="msft_config32" behavior="0" />
      <RootComponent type="61" schemaName="msft_Covid16" behavior="0" />
      <RootComponent type="61" schemaName="msft_Covid162" behavior="0" />
      <RootComponent type="61" schemaName="msft_Covid32" behavior="0" />
      <RootComponent type="61" schemaName="msft_department16" behavior="0" />
      <RootComponent type="61" schemaName="msft_department32" behavior="0" />
      <RootComponent type="61" schemaName="msft_discharge16" behavior="0" />
      <RootComponent type="61" schemaName="msft_discharge32" behavior="0" />
      <RootComponent type="61" schemaName="msft_equipment16" behavior="0" />
      <RootComponent type="61" schemaName="msft_equipment32" behavior="0" />
      <RootComponent type="61" schemaName="msft_facility16" behavior="0" />
      <RootComponent type="61" schemaName="msft_facility32" behavior="0" />
      <RootComponent type="61" schemaName="msft_laborgroup16" behavior="0" />
      <RootComponent type="61" schemaName="msft_laborgroup32" behavior="0" />
      <RootComponent type="61" schemaName="msft_LaborPoolRequest_Icon" behavior="0" />
      <RootComponent type="61" schemaName="msft_laborrole16" behavior="0" />
      <RootComponent type="61" schemaName="msft_laborrole32" behavior="0" />
      <RootComponent type="61" schemaName="msft_location16" behavior="0" />
      <RootComponent type="61" schemaName="msft_location32" behavior="0" />
      <RootComponent type="61" schemaName="msft_log16" behavior="0" />
      <RootComponent type="61" schemaName="msft_log32" behavior="0" />
      <RootComponent type="61" schemaName="msft_region16" behavior="0" />
      <RootComponent type="61" schemaName="msft_region32" behavior="0" />
      <RootComponent type="61" schemaName="msft_ResponseApp_Icon" behavior="0" />
      <RootComponent type="61" schemaName="msft_staff16" behavior="0" />
      <RootComponent type="61" schemaName="msft_staff32" behavior="0" />
      <RootComponent type="61" schemaName="msft_StaffingandBed_Icon" behavior="0" />
      <RootComponent type="61" schemaName="msft_staffneeded16" behavior="0" />
      <RootComponent type="61" schemaName="msft_staffneeded32" behavior="0" />
      <RootComponent type="61" schemaName="msft_supply16" behavior="0" />
      <RootComponent type="61" schemaName="msft_supply32" behavior="0" />
      <RootComponent type="61" schemaName="msft_SupplyMgt_Icon" behavior="0" />
      <RootComponent type="61" schemaName="msft_system16" behavior="0" />
      <RootComponent type="61" schemaName="msft_system32" behavior="0" />
      <RootComponent type="61" schemaName="msft_tracking16" behavior="0" />
      <RootComponent type="61" schemaName="msft_tracking32" behavior="0" />
      <RootComponent type="62" schemaName="msft_COVID19App" behavior="0" />
      <RootComponent type="62" schemaName="msft_LaborPoolTriage" behavior="0" />
      <RootComponent type="80" schemaName="msft_COVID19App" behavior="0" />
      <RootComponent type="300" schemaName="msft_emergencyresponseappbedcapacity_3b3ba" behavior="0" />
      <RootComponent type="300" schemaName="msft_emergencyresponseappcovidtracking_d4da2" behavior="0" />
      <RootComponent type="300" schemaName="msft_emergencyresponseappdischargetracking_71b32" behavior="0" />
      <RootComponent type="300" schemaName="msft_emergencyresponseappequipment_4d69e" behavior="0" />
      <RootComponent type="300" schemaName="msft_emergencyresponseapplaborpoolrequest_314d8" behavior="0" />
      <RootComponent type="300" schemaName="msft_emergencyresponseappstaffingandbedding_fa2ad" behavior="0" />
      <RootComponent type="300" schemaName="msft_emergencyresponseappsupplymanagement_11ac9" behavior="0" />
      <RootComponent type="300" schemaName="msft_emergencyresponseapp_a13b6" behavior="0" />
      <RootComponent type="431" schemaName="msft_app msft_appiconurl" behavior="0" />
      <RootComponent type="431" schemaName="msft_appconfig msft_logoicon" behavior="0" />
      <RootComponent type="432" schemaName="msft_app" behavior="0" />
      <RootComponent type="432" schemaName="msft_appconfig" behavior="0" />
    </RootComponents>
    <MissingDependencies>
      <MissingDependency>
        <Required key="0" type="20" displayName="Export Customizations (Solution Checker)" solution="msdyn_PowerAppsChecker (1.1.0.10)" id="{4931681d-8163-e811-a965-000d3a11fe32}" />
        <Dependent key="1" type="80" schemaName="msft_COVID19App" displayName="Admin App - Emergency Response App" />
      </MissingDependency>
      <MissingDependency>
        <Required key="2" type="20" displayName="Environment Maker" solution="msdynce_AppCommonPatch (9.0.1904.4006)" id="{d58407f2-48d5-e711-a82c-000d3a37c848}" />
        <Dependent key="1" type="80" schemaName="msft_COVID19App" displayName="Admin App - Emergency Response App" />
      </MissingDependency>
      <MissingDependency>
        <Required key="3" type="60" displayName="Patient" parentDisplayName="Patient" solution="msdynce_AppCommon (9.0.4.0066)" id="{1fed44d1-ae68-4a41-bd2b-f13acac4acfa}" />
        <Dependent key="3" type="60" displayName="Patient" parentDisplayName="Patient" id="{1fed44d1-ae68-4a41-bd2b-f13acac4acfa}" />
      </MissingDependency>
      <MissingDependency>
        <Required key="4" type="66" schemaName="MscrmControls.CardFeedContainer.CardFeedContainer" displayName="MscrmControls.CardFeedContainer.CardFeedContainer" solution="BaseCustomControlsCore (9.0.2003.2019)" />
        <Dependent key="3" type="60" displayName="Patient" parentDisplayName="Patient" id="{1fed44d1-ae68-4a41-bd2b-f13acac4acfa}" />
      </MissingDependency>
      <MissingDependency>
        <Required key="5" type="61" schemaName="msdyn_/Images/AppModule_Default_Icon.png" displayName="msdyn_/Images/AppModule_Default_Icon.png" solution="AppModuleWebResources (2.5)" />
        <Dependent key="1" type="80" schemaName="msft_COVID19App" displayName="Admin App - Emergency Response App" />
      </MissingDependency>
    </MissingDependencies>
  </SolutionManifest>
</ImportExportXml>